file,segment,width,hits_MDM,hits_SYS,hits_COMM_ENERGY,hits_APPS,hits_JOURNAL,hits_EXT,hits_VENDORS,hits_VULN,hits_FLAME,hits_TAMPER_JP,windows
JetsamEvent-2025-06-01-130516.ips,head,222,0,0,0,0,2,0,0,0,0,0,361
JetsamEvent-2025-06-01-130516.ips,mid,222,0,5,0,0,3,0,0,0,1,0,577
JetsamEvent-2025-06-01-130516.ips,tail,222,1,4,3,0,1,2,0,0,2,0,361
JetsamEvent-2025-06-01-130516.ips,raw,222,1,6,4,0,4,2,0,0,2,0,1045
JetsamEvent-2025-06-01-130516.ips,head,555,0,0,0,0,2,0,0,0,0,0,145
JetsamEvent-2025-06-01-130516.ips,mid,555,0,5,0,0,3,0,0,0,1,0,231
JetsamEvent-2025-06-01-130516.ips,tail,555,1,4,4,0,1,2,0,0,2,0,145
JetsamEvent-2025-06-01-130516.ips,raw,555,1,7,4,0,4,2,0,0,2,0,418
JetsamEvent-2025-06-01-130516.ips,head,888,0,0,0,0,2,0,0,0,0,0,91
JetsamEvent-2025-06-01-130516.ips,mid,888,0,5,0,0,3,0,0,0,1,0,145
JetsamEvent-2025-06-01-130516.ips,tail,888,1,4,4,0,1,2,0,0,2,0,91
JetsamEvent-2025-06-01-130516.ips,raw,888,1,6,4,0,4,2,0,0,2,0,262
JetsamEvent-2025-06-01-130516.ips,head,2222,0,0,0,0,2,0,0,0,0,0,37
JetsamEvent-2025-06-01-130516.ips,mid,2222,0,5,0,0,3,0,0,0,1,0,58
JetsamEvent-2025-06-01-130516.ips,tail,2222,1,4,4,0,1,2,0,0,2,0,37
JetsamEvent-2025-06-01-130516.ips,raw,2222,1,7,4,0,4,2,0,0,2,0,105
JetsamEvent-2025-06-01-130516.ips,head,5555,0,0,0,0,2,0,0,0,0,0,15
JetsamEvent-2025-06-01-130516.ips,mid,5555,0,5,0,0,3,0,0,0,1,0,24
JetsamEvent-2025-06-01-130516.ips,tail,5555,1,4,4,0,1,2,0,0,2,0,15
JetsamEvent-2025-06-01-130516.ips,raw,5555,1,7,4,0,4,2,0,0,2,0,42
JetsamEvent-2025-06-01-130516.ips,head,8888,0,0,0,0,2,0,0,0,0,0,10
JetsamEvent-2025-06-01-130516.ips,mid,8888,0,5,0,0,3,0,0,0,1,0,15
JetsamEvent-2025-06-01-130516.ips,tail,8888,1,4,4,0,1,2,0,0,2,0,10
JetsamEvent-2025-06-01-130516.ips,raw,8888,1,7,4,0,4,2,0,0,2,0,27
JetsamEvent-2025-06-01-130516.ips,head,12222,0,0,0,0,2,0,0,0,0,0,7
JetsamEvent-2025-06-01-130516.ips,mid,12222,0,5,0,0,3,0,0,0,1,0,11
JetsamEvent-2025-06-01-130516.ips,tail,12222,1,4,4,0,1,2,0,0,2,0,7
JetsamEvent-2025-06-01-130516.ips,raw,12222,1,7,4,0,4,2,0,0,2,0,19
JetsamEvent-2025-06-01-130516.ips,head,15555,0,0,0,0,2,0,0,0,0,0,6
JetsamEvent-2025-06-01-130516.ips,mid,15555,0,5,0,0,3,0,0,0,1,0,9
JetsamEvent-2025-06-01-130516.ips,tail,15555,1,4,4,0,1,2,0,0,2,0,6
JetsamEvent-2025-06-01-130516.ips,raw,15555,1,7,4,0,4,2,0,0,2,0,15
JetsamEvent-2025-06-01-130516.ips,head,18888,0,0,0,0,2,0,0,0,0,0,5
JetsamEvent-2025-06-01-130516.ips,mid,18888,0,5,0,0,3,0,0,0,1,0,7
JetsamEvent-2025-06-01-130516.ips,tail,18888,1,4,4,0,1,2,0,0,2,0,5
JetsamEvent-2025-06-01-130516.ips,raw,18888,1,7,4,0,4,2,0,0,2,0,13
JetsamEvent-2025-06-01-130516.ips,head,22222,0,0,0,0,2,0,0,0,0,0,4
JetsamEvent-2025-06-01-130516.ips,mid,22222,0,5,0,0,3,0,0,0,1,0,6
JetsamEvent-2025-06-01-130516.ips,tail,22222,1,4,4,0,1,2,0,0,2,0,4
JetsamEvent-2025-06-01-130516.ips,raw,22222,1,7,4,0,4,2,0,0,2,0,11
JetsamEvent-2025-06-01-130516.ips,head,25555,0,0,0,0,2,0,0,0,0,0,4
JetsamEvent-2025-06-01-130516.ips,mid,25555,0,5,0,0,3,0,0,0,1,0,6
JetsamEvent-2025-06-01-130516.ips,tail,25555,1,4,4,0,1,2,0,0,2,0,4
JetsamEvent-2025-06-01-130516.ips,raw,25555,1,7,4,0,4,2,0,0,2,0,10
JetsamEvent-2025-06-01-130516.ips,head,28888,0,0,0,0,2,0,0,0,0,0,3
JetsamEvent-2025-06-01-130516.ips,mid,28888,0,5,0,0,3,0,0,0,1,0,5
JetsamEvent-2025-06-01-130516.ips,tail,28888,1,4,4,0,1,2,0,0,2,0,3
JetsamEvent-2025-06-01-130516.ips,raw,28888,1,7,4,0,4,2,0,0,2,0,9
JetsamEvent-2025-06-01-130516.ips,head,32222,0,0,0,0,2,0,0,0,0,0,3
JetsamEvent-2025-06-01-130516.ips,mid,32222,0,5,0,0,3,0,0,0,1,0,4
JetsamEvent-2025-06-01-130516.ips,tail,32222,1,4,4,0,1,2,0,0,2,0,3
JetsamEvent-2025-06-01-130516.ips,raw,32222,1,7,4,0,4,2,0,0,2,0,8
JetsamEvent-2025-06-01-130516.ips,head,35555,0,0,0,0,2,0,0,0,0,0,3
JetsamEvent-2025-06-01-130516.ips,mid,35555,0,5,0,0,3,0,0,0,1,0,4
JetsamEvent-2025-06-01-130516.ips,tail,35555,1,4,4,0,1,2,0,0,2,0,3
JetsamEvent-2025-06-01-130516.ips,raw,35555,1,7,4,0,4,2,0,0,2,0,7
JetsamEvent-2025-06-01-130516.ips,head,38888,0,0,0,0,2,0,0,0,0,0,3
JetsamEvent-2025-06-01-130516.ips,mid,38888,0,5,0,0,3,0,0,0,1,0,4
JetsamEvent-2025-06-01-130516.ips,tail,38888,1,4,4,0,1,2,0,0,2,0,3
JetsamEvent-2025-06-01-130516.ips,raw,38888,1,7,4,0,4,2,0,0,2,0,6
JetsamEvent-2025-06-01-130516.ips,head,42222,0,0,0,0,2,0,0,0,0,0,2
JetsamEvent-2025-06-01-130516.ips,mid,42222,0,5,0,0,3,0,0,0,1,0,4
JetsamEvent-2025-06-01-130516.ips,tail,42222,1,4,4,0,1,2,0,0,2,0,2
JetsamEvent-2025-06-01-130516.ips,raw,42222,1,7,4,0,4,2,0,0,2,0,6
JetsamEvent-2025-06-01-130516.ips,head,45555,0,0,0,0,2,0,0,0,0,0,2
JetsamEvent-2025-06-01-130516.ips,mid,45555,0,5,0,0,3,0,0,0,1,0,3
JetsamEvent-2025-06-01-130516.ips,tail,45555,1,4,4,0,1,2,0,0,2,0,2
JetsamEvent-2025-06-01-130516.ips,raw,45555,1,7,4,0,4,2,0,0,2,0,6
JetsamEvent-2025-06-01-130516.ips,head,48888,0,0,0,0,2,0,0,0,0,0,2
JetsamEvent-2025-06-01-130516.ips,mid,48888,0,5,0,0,3,0,0,0,1,0,3
JetsamEvent-2025-06-01-130516.ips,tail,48888,1,4,4,0,1,2,0,0,2,0,2
JetsamEvent-2025-06-01-130516.ips,raw,48888,1,7,4,0,4,2,0,0,2,0,5
JetsamEvent-2025-06-01-130516.ips,head,52222,0,0,0,0,2,0,0,0,0,0,2
JetsamEvent-2025-06-01-130516.ips,mid,52222,0,5,0,0,3,0,0,0,1,0,3
JetsamEvent-2025-06-01-130516.ips,tail,52222,1,4,4,0,1,2,0,0,2,0,2
JetsamEvent-2025-06-01-130516.ips,raw,52222,1,7,4,0,4,2,0,0,2,0,5
JetsamEvent-2025-06-01-130516.ips,head,55555,0,0,0,0,2,0,0,0,0,0,2
JetsamEvent-2025-06-01-130516.ips,mid,55555,0,5,0,0,3,0,0,0,1,0,3
JetsamEvent-2025-06-01-130516.ips,tail,55555,1,4,4,0,1,2,0,0,2,0,2
JetsamEvent-2025-06-01-130516.ips,raw,55555,1,7,4,0,4,2,0,0,2,0,5
JetsamEvent-2025-06-01-130516.ips,head,58888,0,0,0,0,2,0,0,0,0,0,2
JetsamEvent-2025-06-01-130516.ips,mid,58888,0,5,0,0,3,0,0,0,1,0,3
JetsamEvent-2025-06-01-130516.ips,tail,58888,1,4,4,0,1,2,0,0,2,0,2
JetsamEvent-2025-06-01-130516.ips,raw,58888,1,7,4,0,4,2,0,0,2,0,4
JetsamEvent-2025-06-01-130516.ips,head,62222,0,0,0,0,2,0,0,0,0,0,2
JetsamEvent-2025-06-01-130516.ips,mid,62222,0,5,0,0,3,0,0,0,1,0,3
JetsamEvent-2025-06-01-130516.ips,tail,62222,1,4,4,0,1,2,0,0,2,0,2
JetsamEvent-2025-06-01-130516.ips,raw,62222,1,7,4,0,4,2,0,0,2,0,4
JetsamEvent-2025-06-01-130516.ips,head,65555,0,0,0,0,2,0,0,0,0,0,2
JetsamEvent-2025-06-01-130516.ips,mid,65555,0,5,0,0,3,0,0,0,1,0,2
JetsamEvent-2025-06-01-130516.ips,tail,65555,1,4,4,0,1,2,0,0,2,0,2
JetsamEvent-2025-06-01-130516.ips,raw,65555,1,7,4,0,4,2,0,0,2,0,4
JetsamEvent-2025-06-01-130516.ips,head,68888,0,0,0,0,2,0,0,0,0,0,2
JetsamEvent-2025-06-01-130516.ips,mid,68888,0,5,0,0,3,0,0,0,1,0,2
JetsamEvent-2025-06-01-130516.ips,tail,68888,1,4,4,0,1,2,0,0,2,0,2
JetsamEvent-2025-06-01-130516.ips,raw,68888,1,7,4,0,4,2,0,0,2,0,4
JetsamEvent-2025-06-01-130516.ips,head,72222,0,0,0,0,2,0,0,0,0,0,2
JetsamEvent-2025-06-01-130516.ips,mid,72222,0,5,0,0,3,0,0,0,1,0,2
JetsamEvent-2025-06-01-130516.ips,tail,72222,1,4,4,0,1,2,0,0,2,0,2
JetsamEvent-2025-06-01-130516.ips,raw,72222,1,7,4,0,4,2,0,0,2,0,4
JetsamEvent-2025-06-01-130516.ips,head,75555,0,0,0,0,2,0,0,0,0,0,2
JetsamEvent-2025-06-01-130516.ips,mid,75555,0,5,0,0,3,0,0,0,1,0,2
JetsamEvent-2025-06-01-130516.ips,tail,75555,1,4,4,0,1,2,0,0,2,0,2
JetsamEvent-2025-06-01-130516.ips,raw,75555,1,7,4,0,4,2,0,0,2,0,4
JetsamEvent-2025-06-01-130516.ips,head,78888,0,0,0,0,2,0,0,0,0,0,2
JetsamEvent-2025-06-01-130516.ips,mid,78888,0,5,0,0,3,0,0,0,1,0,2
JetsamEvent-2025-06-01-130516.ips,tail,78888,1,4,4,0,1,2,0,0,2,0,2
JetsamEvent-2025-06-01-130516.ips,raw,78888,1,7,4,0,4,2,0,0,2,0,3
JetsamEvent-2025-06-01-130516.ips,head,82222,0,0,0,0,2,0,0,0,0,0,1
JetsamEvent-2025-06-01-130516.ips,mid,82222,0,5,0,0,3,0,0,0,1,0,2
JetsamEvent-2025-06-01-130516.ips,tail,82222,1,4,4,0,1,2,0,0,2,0,1
JetsamEvent-2025-06-01-130516.ips,raw,82222,1,7,4,0,4,2,0,0,2,0,3
JetsamEvent-2025-06-01-130516.ips,head,85555,0,0,0,0,2,0,0,0,0,0,1
JetsamEvent-2025-06-01-130516.ips,mid,85555,0,5,0,0,3,0,0,0,1,0,2
JetsamEvent-2025-06-01-130516.ips,tail,85555,1,4,4,0,1,2,0,0,2,0,1
JetsamEvent-2025-06-01-130516.ips,raw,85555,1,7,4,0,4,2,0,0,2,0,3
JetsamEvent-2025-06-01-130516.ips,head,88888,0,0,0,0,2,0,0,0,0,0,1
JetsamEvent-2025-06-01-130516.ips,mid,88888,0,5,0,0,3,0,0,0,1,0,2
JetsamEvent-2025-06-01-130516.ips,tail,88888,1,4,4,0,1,2,0,0,2,0,1
JetsamEvent-2025-06-01-130516.ips,raw,88888,1,7,4,0,4,2,0,0,2,0,3
JetsamEvent-2025-06-01-130516.ips,head,92222,0,0,0,0,2,0,0,0,0,0,1
JetsamEvent-2025-06-01-130516.ips,mid,92222,0,5,0,0,3,0,0,0,1,0,2
JetsamEvent-2025-06-01-130516.ips,tail,92222,1,4,4,0,1,2,0,0,2,0,1
JetsamEvent-2025-06-01-130516.ips,raw,92222,1,7,4,0,4,2,0,0,2,0,3
JetsamEvent-2025-06-01-130516.ips,head,95555,0,0,0,0,2,0,0,0,0,0,1
JetsamEvent-2025-06-01-130516.ips,mid,95555,0,5,0,0,3,0,0,0,1,0,2
JetsamEvent-2025-06-01-130516.ips,tail,95555,1,4,4,0,1,2,0,0,2,0,1
JetsamEvent-2025-06-01-130516.ips,raw,95555,1,7,4,0,4,2,0,0,2,0,3
JetsamEvent-2025-06-01-130516.ips,head,98888,0,0,0,0,2,0,0,0,0,0,1
JetsamEvent-2025-06-01-130516.ips,mid,98888,0,5,0,0,3,0,0,0,1,0,2
JetsamEvent-2025-06-01-130516.ips,tail,98888,1,4,4,0,1,2,0,0,2,0,1
JetsamEvent-2025-06-01-130516.ips,raw,98888,1,7,4,0,4,2,0,0,2,0,3
JetsamEvent-2025-06-01-130516.ips,head,102222,0,0,0,0,2,0,0,0,0,0,1
JetsamEvent-2025-06-01-130516.ips,mid,102222,0,5,0,0,3,0,0,0,1,0,2
JetsamEvent-2025-06-01-130516.ips,tail,102222,1,4,4,0,1,2,0,0,2,0,1
JetsamEvent-2025-06-01-130516.ips,raw,102222,1,7,4,0,4,2,0,0,2,0,3
JetsamEvent-2025-06-01-130516.ips,head,105555,0,0,0,0,2,0,0,0,0,0,1
JetsamEvent-2025-06-01-130516.ips,mid,105555,0,5,0,0,3,0,0,0,1,0,2
JetsamEvent-2025-06-01-130516.ips,tail,105555,1,4,4,0,1,2,0,0,2,0,1
JetsamEvent-2025-06-01-130516.ips,raw,105555,1,7,4,0,4,2,0,0,2,0,3
JetsamEvent-2025-06-01-130516.ips,head,108888,0,0,0,0,2,0,0,0,0,0,1
JetsamEvent-2025-06-01-130516.ips,mid,108888,0,5,0,0,3,0,0,0,1,0,2
JetsamEvent-2025-06-01-130516.ips,tail,108888,1,4,4,0,1,2,0,0,2,0,1
JetsamEvent-2025-06-01-130516.ips,raw,108888,1,7,4,0,4,2,0,0,2,0,3
JetsamEvent-2025-06-01-130516.ips,head,112222,0,0,0,0,2,0,0,0,0,0,1
JetsamEvent-2025-06-01-130516.ips,mid,112222,0,5,0,0,3,0,0,0,1,0,2
JetsamEvent-2025-06-01-130516.ips,tail,112222,1,4,4,0,1,2,0,0,2,0,1
JetsamEvent-2025-06-01-130516.ips,raw,112222,1,7,4,0,4,2,0,0,2,0,3
JetsamEvent-2025-06-01-130516.ips,head,115555,0,0,0,0,2,0,0,0,0,0,1
JetsamEvent-2025-06-01-130516.ips,mid,115555,0,5,0,0,3,0,0,0,1,0,2
JetsamEvent-2025-06-01-130516.ips,tail,115555,1,4,4,0,1,2,0,0,2,0,1
JetsamEvent-2025-06-01-130516.ips,raw,115555,1,7,4,0,4,2,0,0,2,0,3
JetsamEvent-2025-06-01-130516.ips,head,118888,0,0,0,0,2,0,0,0,0,0,1
JetsamEvent-2025-06-01-130516.ips,mid,118888,0,5,0,0,3,0,0,0,1,0,2
JetsamEvent-2025-06-01-130516.ips,tail,118888,1,4,4,0,1,2,0,0,2,0,1
JetsamEvent-2025-06-01-130516.ips,raw,118888,1,7,4,0,4,2,0,0,2,0,2
JetsamEvent-2025-06-01-130516.ips,head,122222,0,0,0,0,2,0,0,0,0,0,1
JetsamEvent-2025-06-01-130516.ips,mid,122222,0,5,0,0,3,0,0,0,1,0,2
JetsamEvent-2025-06-01-130516.ips,tail,122222,1,4,4,0,1,2,0,0,2,0,1
JetsamEvent-2025-06-01-130516.ips,raw,122222,1,7,4,0,4,2,0,0,2,0,2
JetsamEvent-2025-06-01-130516.ips,head,125555,0,0,0,0,2,0,0,0,0,0,1
JetsamEvent-2025-06-01-130516.ips,mid,125555,0,5,0,0,3,0,0,0,1,0,2
JetsamEvent-2025-06-01-130516.ips,tail,125555,1,4,4,0,1,2,0,0,2,0,1
JetsamEvent-2025-06-01-130516.ips,raw,125555,1,7,4,0,4,2,0,0,2,0,2
JetsamEvent-2025-06-01-130516.ips,head,128888,0,0,0,0,2,0,0,0,0,0,1
JetsamEvent-2025-06-01-130516.ips,mid,128888,0,5,0,0,3,0,0,0,1,0,1
JetsamEvent-2025-06-01-130516.ips,tail,128888,1,4,4,0,1,2,0,0,2,0,1
JetsamEvent-2025-06-01-130516.ips,raw,128888,1,7,4,0,4,2,0,0,2,0,2
JetsamEvent-2025-06-01-130516.ips,head,132222,0,0,0,0,2,0,0,0,0,0,1
JetsamEvent-2025-06-01-130516.ips,mid,132222,0,5,0,0,3,0,0,0,1,0,1
JetsamEvent-2025-06-01-130516.ips,tail,132222,1,4,4,0,1,2,0,0,2,0,1
JetsamEvent-2025-06-01-130516.ips,raw,132222,1,7,4,0,4,2,0,0,2,0,2
JetsamEvent-2025-06-01-130516.ips,head,135555,0,0,0,0,2,0,0,0,0,0,1
JetsamEvent-2025-06-01-130516.ips,mid,135555,0,5,0,0,3,0,0,0,1,0,1
JetsamEvent-2025-06-01-130516.ips,tail,135555,1,4,4,0,1,2,0,0,2,0,1
JetsamEvent-2025-06-01-130516.ips,raw,135555,1,7,4,0,4,2,0,0,2,0,2
JetsamEvent-2025-06-01-130516.ips,head,138888,0,0,0,0,2,0,0,0,0,0,1
JetsamEvent-2025-06-01-130516.ips,mid,138888,0,5,0,0,3,0,0,0,1,0,1
JetsamEvent-2025-06-01-130516.ips,tail,138888,1,4,4,0,1,2,0,0,2,0,1
JetsamEvent-2025-06-01-130516.ips,raw,138888,1,7,4,0,4,2,0,0,2,0,2
JetsamEvent-2025-06-01-130516.ips,head,142222,0,0,0,0,2,0,0,0,0,0,1
JetsamEvent-2025-06-01-130516.ips,mid,142222,0,5,0,0,3,0,0,0,1,0,1
JetsamEvent-2025-06-01-130516.ips,tail,142222,1,4,4,0,1,2,0,0,2,0,1
JetsamEvent-2025-06-01-130516.ips,raw,142222,1,7,4,0,4,2,0,0,2,0,2
JetsamEvent-2025-06-01-130516.ips,head,145555,0,0,0,0,2,0,0,0,0,0,1
JetsamEvent-2025-06-01-130516.ips,mid,145555,0,5,0,0,3,0,0,0,1,0,1
JetsamEvent-2025-06-01-130516.ips,tail,145555,1,4,4,0,1,2,0,0,2,0,1
JetsamEvent-2025-06-01-130516.ips,raw,145555,1,7,4,0,4,2,0,0,2,0,2
JetsamEvent-2025-06-01-130516.ips,head,148888,0,0,0,0,2,0,0,0,0,0,1
JetsamEvent-2025-06-01-130516.ips,mid,148888,0,5,0,0,3,0,0,0,1,0,1
JetsamEvent-2025-06-01-130516.ips,tail,148888,1,4,4,0,1,2,0,0,2,0,1
JetsamEvent-2025-06-01-130516.ips,raw,148888,1,7,4,0,4,2,0,0,2,0,2
JetsamEvent-2025-06-01-130516.ips,head,152222,0,0,0,0,2,0,0,0,0,0,1
JetsamEvent-2025-06-01-130516.ips,mid,152222,0,5,0,0,3,0,0,0,1,0,1
JetsamEvent-2025-06-01-130516.ips,tail,152222,1,4,4,0,1,2,0,0,2,0,1
JetsamEvent-2025-06-01-130516.ips,raw,152222,1,7,4,0,4,2,0,0,2,0,2
JetsamEvent-2025-06-01-130516.ips,head,155555,0,0,0,0,2,0,0,0,0,0,1
JetsamEvent-2025-06-01-130516.ips,mid,155555,0,5,0,0,3,0,0,0,1,0,1
JetsamEvent-2025-06-01-130516.ips,tail,155555,1,4,4,0,1,2,0,0,2,0,1
JetsamEvent-2025-06-01-130516.ips,raw,155555,1,7,4,0,4,2,0,0,2,0,2
JetsamEvent-2025-06-01-130516.ips,head,158888,0,0,0,0,2,0,0,0,0,0,1
JetsamEvent-2025-06-01-130516.ips,mid,158888,0,5,0,0,3,0,0,0,1,0,1
JetsamEvent-2025-06-01-130516.ips,tail,158888,1,4,4,0,1,2,0,0,2,0,1
JetsamEvent-2025-06-01-130516.ips,raw,158888,1,7,4,0,4,2,0,0,2,0,2
JetsamEvent-2025-06-01-130516.ips,head,162222,0,0,0,0,2,0,0,0,0,0,1
JetsamEvent-2025-06-01-130516.ips,mid,162222,0,5,0,0,3,0,0,0,1,0,1
JetsamEvent-2025-06-01-130516.ips,tail,162222,1,4,4,0,1,2,0,0,2,0,1
JetsamEvent-2025-06-01-130516.ips,raw,162222,1,7,4,0,4,2,0,0,2,0,2
JetsamEvent-2025-06-01-130516.ips,head,165555,0,0,0,0,2,0,0,0,0,0,1
JetsamEvent-2025-06-01-130516.ips,mid,165555,0,5,0,0,3,0,0,0,1,0,1
JetsamEvent-2025-06-01-130516.ips,tail,165555,1,4,4,0,1,2,0,0,2,0,1
JetsamEvent-2025-06-01-130516.ips,raw,165555,1,7,4,0,4,2,0,0,2,0,2
JetsamEvent-2025-06-01-130516.ips,head,168888,0,0,0,0,2,0,0,0,0,0,1
JetsamEvent-2025-06-01-130516.ips,mid,168888,0,5,0,0,3,0,0,0,1,0,1
JetsamEvent-2025-06-01-130516.ips,tail,168888,1,4,4,0,1,2,0,0,2,0,1
JetsamEvent-2025-06-01-130516.ips,raw,168888,1,7,4,0,4,2,0,0,2,0,2
JetsamEvent-2025-06-01-130516.ips,head,172222,0,0,0,0,2,0,0,0,0,0,1
JetsamEvent-2025-06-01-130516.ips,mid,172222,0,5,0,0,3,0,0,0,1,0,1
JetsamEvent-2025-06-01-130516.ips,tail,172222,1,4,4,0,1,2,0,0,2,0,1
JetsamEvent-2025-06-01-130516.ips,raw,172222,1,7,4,0,4,2,0,0,2,0,2
JetsamEvent-2025-06-01-130516.ips,head,175555,0,0,0,0,2,0,0,0,0,0,1
JetsamEvent-2025-06-01-130516.ips,mid,175555,0,5,0,0,3,0,0,0,1,0,1
JetsamEvent-2025-06-01-130516.ips,tail,175555,1,4,4,0,1,2,0,0,2,0,1
JetsamEvent-2025-06-01-130516.ips,raw,175555,1,7,4,0,4,2,0,0,2,0,2
JetsamEvent-2025-06-01-130516.ips,head,178888,0,0,0,0,2,0,0,0,0,0,1
JetsamEvent-2025-06-01-130516.ips,mid,178888,0,5,0,0,3,0,0,0,1,0,1
JetsamEvent-2025-06-01-130516.ips,tail,178888,1,4,4,0,1,2,0,0,2,0,1
JetsamEvent-2025-06-01-130516.ips,raw,178888,1,7,4,0,4,2,0,0,2,0,2
JetsamEvent-2025-06-01-130516.ips,head,182222,0,0,0,0,2,0,0,0,0,0,1
JetsamEvent-2025-06-01-130516.ips,mid,182222,0,5,0,0,3,0,0,0,1,0,1
JetsamEvent-2025-06-01-130516.ips,tail,182222,1,4,4,0,1,2,0,0,2,0,1
JetsamEvent-2025-06-01-130516.ips,raw,182222,1,7,4,0,4,2,0,0,2,0,2
JetsamEvent-2025-06-01-130516.ips,head,185555,0,0,0,0,2,0,0,0,0,0,1
JetsamEvent-2025-06-01-130516.ips,mid,185555,0,5,0,0,3,0,0,0,1,0,1
JetsamEvent-2025-06-01-130516.ips,tail,185555,1,4,4,0,1,2,0,0,2,0,1
JetsamEvent-2025-06-01-130516.ips,raw,185555,1,7,4,0,4,2,0,0,2,0,2
JetsamEvent-2025-06-01-130516.ips,head,188888,0,0,0,0,2,0,0,0,0,0,1
JetsamEvent-2025-06-01-130516.ips,mid,188888,0,5,0,0,3,0,0,0,1,0,1
JetsamEvent-2025-06-01-130516.ips,tail,188888,1,4,4,0,1,2,0,0,2,0,1
JetsamEvent-2025-06-01-130516.ips,raw,188888,1,7,4,0,4,2,0,0,2,0,2
JetsamEvent-2025-06-01-130516.ips,head,192222,0,0,0,0,2,0,0,0,0,0,1
JetsamEvent-2025-06-01-130516.ips,mid,192222,0,5,0,0,3,0,0,0,1,0,1
JetsamEvent-2025-06-01-130516.ips,tail,192222,1,4,4,0,1,2,0,0,2,0,1
JetsamEvent-2025-06-01-130516.ips,raw,192222,1,7,4,0,4,2,0,0,2,0,2
JetsamEvent-2025-06-01-130516.ips,head,195555,0,0,0,0,2,0,0,0,0,0,1
JetsamEvent-2025-06-01-130516.ips,mid,195555,0,5,0,0,3,0,0,0,1,0,1
JetsamEvent-2025-06-01-130516.ips,tail,195555,1,4,4,0,1,2,0,0,2,0,1
JetsamEvent-2025-06-01-130516.ips,raw,195555,1,7,4,0,4,2,0,0,2,0,2
JetsamEvent-2025-06-01-130516.ips,head,198888,0,0,0,0,2,0,0,0,0,0,1
JetsamEvent-2025-06-01-130516.ips,mid,198888,0,5,0,0,3,0,0,0,1,0,1
JetsamEvent-2025-06-01-130516.ips,tail,198888,1,4,4,0,1,2,0,0,2,0,1
JetsamEvent-2025-06-01-130516.ips,raw,198888,1,7,4,0,4,2,0,0,2,0,2
JetsamEvent-2025-06-01-130516.ips,head,202222,0,0,0,0,2,0,0,0,0,0,1
JetsamEvent-2025-06-01-130516.ips,mid,202222,0,5,0,0,3,0,0,0,1,0,1
JetsamEvent-2025-06-01-130516.ips,tail,202222,1,4,4,0,1,2,0,0,2,0,1
JetsamEvent-2025-06-01-130516.ips,raw,202222,1,7,4,0,4,2,0,0,2,0,2
JetsamEvent-2025-06-01-130516.ips,head,205555,0,0,0,0,2,0,0,0,0,0,1
JetsamEvent-2025-06-01-130516.ips,mid,205555,0,5,0,0,3,0,0,0,1,0,1
JetsamEvent-2025-06-01-130516.ips,tail,205555,1,4,4,0,1,2,0,0,2,0,1
JetsamEvent-2025-06-01-130516.ips,raw,205555,1,7,4,0,4,2,0,0,2,0,2
JetsamEvent-2025-06-01-130516.ips,head,208888,0,0,0,0,2,0,0,0,0,0,1
JetsamEvent-2025-06-01-130516.ips,mid,208888,0,5,0,0,3,0,0,0,1,0,1
JetsamEvent-2025-06-01-130516.ips,tail,208888,1,4,4,0,1,2,0,0,2,0,1
JetsamEvent-2025-06-01-130516.ips,raw,208888,1,7,4,0,4,2,0,0,2,0,2
JetsamEvent-2025-06-01-130516.ips,head,212222,0,0,0,0,2,0,0,0,0,0,1
JetsamEvent-2025-06-01-130516.ips,mid,212222,0,5,0,0,3,0,0,0,1,0,1
JetsamEvent-2025-06-01-130516.ips,tail,212222,1,4,4,0,1,2,0,0,2,0,1
JetsamEvent-2025-06-01-130516.ips,raw,212222,1,7,4,0,4,2,0,0,2,0,2
JetsamEvent-2025-06-01-130516.ips,head,215555,0,0,0,0,2,0,0,0,0,0,1
JetsamEvent-2025-06-01-130516.ips,mid,215555,0,5,0,0,3,0,0,0,1,0,1
JetsamEvent-2025-06-01-130516.ips,tail,215555,1,4,4,0,1,2,0,0,2,0,1
JetsamEvent-2025-06-01-130516.ips,raw,215555,1,7,4,0,4,2,0,0,2,0,2
JetsamEvent-2025-06-01-130516.ips,head,218888,0,0,0,0,2,0,0,0,0,0,1
JetsamEvent-2025-06-01-130516.ips,mid,218888,0,5,0,0,3,0,0,0,1,0,1
JetsamEvent-2025-06-01-130516.ips,tail,218888,1,4,4,0,1,2,0,0,2,0,1
JetsamEvent-2025-06-01-130516.ips,raw,218888,1,7,4,0,4,2,0,0,2,0,2
JetsamEvent-2025-06-01-130516.ips,head,222222,0,0,0,0,2,0,0,0,0,0,1
JetsamEvent-2025-06-01-130516.ips,mid,222222,0,5,0,0,3,0,0,0,1,0,1
JetsamEvent-2025-06-01-130516.ips,tail,222222,1,4,4,0,1,2,0,0,2,0,1
JetsamEvent-2025-06-01-130516.ips,raw,222222,1,7,4,0,4,2,0,0,2,0,2
xp_amp_app_usage_dnu-2025-06-01-123257.ips,head,222,0,0,0,1,0,0,0,0,1,0,361
xp_amp_app_usage_dnu-2025-06-01-123257.ips,mid,222,0,0,0,2,0,0,0,0,1,0,449
xp_amp_app_usage_dnu-2025-06-01-123257.ips,tail,222,0,0,0,2,0,0,0,0,0,0,361
xp_amp_app_usage_dnu-2025-06-01-123257.ips,raw,222,0,0,0,2,0,0,0,0,1,0,449
xp_amp_app_usage_dnu-2025-06-01-123257.ips,head,555,0,0,0,1,0,0,0,0,1,0,145
xp_amp_app_usage_dnu-2025-06-01-123257.ips,mid,555,0,0,0,2,0,0,0,0,1,0,180
xp_amp_app_usage_dnu-2025-06-01-123257.ips,tail,555,0,0,0,2,0,0,0,0,0,0,145
xp_amp_app_usage_dnu-2025-06-01-123257.ips,raw,555,0,0,0,2,0,0,0,0,1,0,180
xp_amp_app_usage_dnu-2025-06-01-123257.ips,head,888,0,0,0,1,0,0,0,0,1,0,91
xp_amp_app_usage_dnu-2025-06-01-123257.ips,mid,888,0,0,0,2,0,0,0,0,1,0,113
xp_amp_app_usage_dnu-2025-06-01-123257.ips,tail,888,0,0,0,2,0,0,0,0,0,0,91
xp_amp_app_usage_dnu-2025-06-01-123257.ips,raw,888,0,0,0,2,0,0,0,0,1,0,113
xp_amp_app_usage_dnu-2025-06-01-123257.ips,head,2222,0,0,0,1,0,0,0,0,1,0,37
xp_amp_app_usage_dnu-2025-06-01-123257.ips,mid,2222,0,0,0,2,0,0,0,0,1,0,45
xp_amp_app_usage_dnu-2025-06-01-123257.ips,tail,2222,0,0,0,2,0,0,0,0,0,0,37
xp_amp_app_usage_dnu-2025-06-01-123257.ips,raw,2222,0,0,0,2,0,0,0,0,1,0,45
xp_amp_app_usage_dnu-2025-06-01-123257.ips,head,5555,0,0,0,1,0,0,0,0,1,0,15
xp_amp_app_usage_dnu-2025-06-01-123257.ips,mid,5555,0,0,0,2,0,0,0,0,1,0,18
xp_amp_app_usage_dnu-2025-06-01-123257.ips,tail,5555,0,0,0,2,0,0,0,0,0,0,15
xp_amp_app_usage_dnu-2025-06-01-123257.ips,raw,5555,0,0,0,2,0,0,0,0,1,0,18
xp_amp_app_usage_dnu-2025-06-01-123257.ips,head,8888,0,0,0,1,0,0,0,0,1,0,10
xp_amp_app_usage_dnu-2025-06-01-123257.ips,mid,8888,0,0,0,2,0,0,0,0,1,0,12
xp_amp_app_usage_dnu-2025-06-01-123257.ips,tail,8888,0,0,0,2,0,0,0,0,0,0,10
xp_amp_app_usage_dnu-2025-06-01-123257.ips,raw,8888,0,0,0,2,0,0,0,0,1,0,12
xp_amp_app_usage_dnu-2025-06-01-123257.ips,head,12222,0,0,0,1,0,0,0,0,1,0,7
xp_amp_app_usage_dnu-2025-06-01-123257.ips,mid,12222,0,0,0,2,0,0,0,0,1,0,9
xp_amp_app_usage_dnu-2025-06-01-123257.ips,tail,12222,0,0,0,2,0,0,0,0,0,0,7
xp_amp_app_usage_dnu-2025-06-01-123257.ips,raw,12222,0,0,0,2,0,0,0,0,1,0,9
xp_amp_app_usage_dnu-2025-06-01-123257.ips,head,15555,0,0,0,1,0,0,0,0,1,0,6
xp_amp_app_usage_dnu-2025-06-01-123257.ips,mid,15555,0,0,0,2,0,0,0,0,1,0,7
xp_amp_app_usage_dnu-2025-06-01-123257.ips,tail,15555,0,0,0,2,0,0,0,0,0,0,6
xp_amp_app_usage_dnu-2025-06-01-123257.ips,raw,15555,0,0,0,2,0,0,0,0,1,0,7
xp_amp_app_usage_dnu-2025-06-01-123257.ips,head,18888,0,0,0,1,0,0,0,0,1,0,5
xp_amp_app_usage_dnu-2025-06-01-123257.ips,mid,18888,0,0,0,2,0,0,0,0,1,0,6
xp_amp_app_usage_dnu-2025-06-01-123257.ips,tail,18888,0,0,0,2,0,0,0,0,0,0,5
xp_amp_app_usage_dnu-2025-06-01-123257.ips,raw,18888,0,0,0,2,0,0,0,0,1,0,6
xp_amp_app_usage_dnu-2025-06-01-123257.ips,head,22222,0,0,0,1,0,0,0,0,1,0,4
xp_amp_app_usage_dnu-2025-06-01-123257.ips,mid,22222,0,0,0,2,0,0,0,0,1,0,5
xp_amp_app_usage_dnu-2025-06-01-123257.ips,tail,22222,0,0,0,2,0,0,0,0,0,0,4
xp_amp_app_usage_dnu-2025-06-01-123257.ips,raw,22222,0,0,0,2,0,0,0,0,1,0,5
xp_amp_app_usage_dnu-2025-06-01-123257.ips,head,25555,0,0,0,1,0,0,0,0,1,0,4
xp_amp_app_usage_dnu-2025-06-01-123257.ips,mid,25555,0,0,0,2,0,0,0,0,1,0,4
xp_amp_app_usage_dnu-2025-06-01-123257.ips,tail,25555,0,0,0,2,0,0,0,0,0,0,4
xp_amp_app_usage_dnu-2025-06-01-123257.ips,raw,25555,0,0,0,2,0,0,0,0,1,0,4
xp_amp_app_usage_dnu-2025-06-01-123257.ips,head,28888,0,0,0,1,0,0,0,0,1,0,3
xp_amp_app_usage_dnu-2025-06-01-123257.ips,mid,28888,0,0,0,2,0,0,0,0,1,0,4
xp_amp_app_usage_dnu-2025-06-01-123257.ips,tail,28888,0,0,0,2,0,0,0,0,0,0,3
xp_amp_app_usage_dnu-2025-06-01-123257.ips,raw,28888,0,0,0,2,0,0,0,0,1,0,4
xp_amp_app_usage_dnu-2025-06-01-123257.ips,head,32222,0,0,0,1,0,0,0,0,1,0,3
xp_amp_app_usage_dnu-2025-06-01-123257.ips,mid,32222,0,0,0,2,0,0,0,0,1,0,4
xp_amp_app_usage_dnu-2025-06-01-123257.ips,tail,32222,0,0,0,2,0,0,0,0,0,0,3
xp_amp_app_usage_dnu-2025-06-01-123257.ips,raw,32222,0,0,0,2,0,0,0,0,1,0,4
xp_amp_app_usage_dnu-2025-06-01-123257.ips,head,35555,0,0,0,1,0,0,0,0,1,0,3
xp_amp_app_usage_dnu-2025-06-01-123257.ips,mid,35555,0,0,0,2,0,0,0,0,1,0,3
xp_amp_app_usage_dnu-2025-06-01-123257.ips,tail,35555,0,0,0,2,0,0,0,0,0,0,3
xp_amp_app_usage_dnu-2025-06-01-123257.ips,raw,35555,0,0,0,2,0,0,0,0,1,0,3
xp_amp_app_usage_dnu-2025-06-01-123257.ips,head,38888,0,0,0,1,0,0,0,0,1,0,3
xp_amp_app_usage_dnu-2025-06-01-123257.ips,mid,38888,0,0,0,2,0,0,0,0,1,0,3
xp_amp_app_usage_dnu-2025-06-01-123257.ips,tail,38888,0,0,0,2,0,0,0,0,0,0,3
xp_amp_app_usage_dnu-2025-06-01-123257.ips,raw,38888,0,0,0,2,0,0,0,0,1,0,3
xp_amp_app_usage_dnu-2025-06-01-123257.ips,head,42222,0,0,0,1,0,0,0,0,1,0,2
xp_amp_app_usage_dnu-2025-06-01-123257.ips,mid,42222,0,0,0,2,0,0,0,0,1,0,3
xp_amp_app_usage_dnu-2025-06-01-123257.ips,tail,42222,0,0,0,2,0,0,0,0,0,0,2
xp_amp_app_usage_dnu-2025-06-01-123257.ips,raw,42222,0,0,0,2,0,0,0,0,1,0,3
xp_amp_app_usage_dnu-2025-06-01-123257.ips,head,45555,0,0,0,1,0,0,0,0,1,0,2
xp_amp_app_usage_dnu-2025-06-01-123257.ips,mid,45555,0,0,0,2,0,0,0,0,1,0,3
xp_amp_app_usage_dnu-2025-06-01-123257.ips,tail,45555,0,0,0,2,0,0,0,0,0,0,2
xp_amp_app_usage_dnu-2025-06-01-123257.ips,raw,45555,0,0,0,2,0,0,0,0,1,0,3
xp_amp_app_usage_dnu-2025-06-01-123257.ips,head,48888,0,0,0,1,0,0,0,0,1,0,2
xp_amp_app_usage_dnu-2025-06-01-123257.ips,mid,48888,0,0,0,2,0,0,0,0,1,0,3
xp_amp_app_usage_dnu-2025-06-01-123257.ips,tail,48888,0,0,0,2,0,0,0,0,0,0,2
xp_amp_app_usage_dnu-2025-06-01-123257.ips,raw,48888,0,0,0,2,0,0,0,0,1,0,3
xp_amp_app_usage_dnu-2025-06-01-123257.ips,head,52222,0,0,0,1,0,0,0,0,1,0,2
xp_amp_app_usage_dnu-2025-06-01-123257.ips,mid,52222,0,0,0,2,0,0,0,0,1,0,2
xp_amp_app_usage_dnu-2025-06-01-123257.ips,tail,52222,0,0,0,2,0,0,0,0,0,0,2
xp_amp_app_usage_dnu-2025-06-01-123257.ips,raw,52222,0,0,0,2,0,0,0,0,1,0,2
xp_amp_app_usage_dnu-2025-06-01-123257.ips,head,55555,0,0,0,1,0,0,0,0,1,0,2
xp_amp_app_usage_dnu-2025-06-01-123257.ips,mid,55555,0,0,0,2,0,0,0,0,1,0,2
xp_amp_app_usage_dnu-2025-06-01-123257.ips,tail,55555,0,0,0,2,0,0,0,0,0,0,2
xp_amp_app_usage_dnu-2025-06-01-123257.ips,raw,55555,0,0,0,2,0,0,0,0,1,0,2
xp_amp_app_usage_dnu-2025-06-01-123257.ips,head,58888,0,0,0,1,0,0,0,0,1,0,2
xp_amp_app_usage_dnu-2025-06-01-123257.ips,mid,58888,0,0,0,2,0,0,0,0,1,0,2
xp_amp_app_usage_dnu-2025-06-01-123257.ips,tail,58888,0,0,0,2,0,0,0,0,0,0,2
xp_amp_app_usage_dnu-2025-06-01-123257.ips,raw,58888,0,0,0,2,0,0,0,0,1,0,2
xp_amp_app_usage_dnu-2025-06-01-123257.ips,head,62222,0,0,0,1,0,0,0,0,1,0,2
xp_amp_app_usage_dnu-2025-06-01-123257.ips,mid,62222,0,0,0,2,0,0,0,0,1,0,2
xp_amp_app_usage_dnu-2025-06-01-123257.ips,tail,62222,0,0,0,2,0,0,0,0,0,0,2
xp_amp_app_usage_dnu-2025-06-01-123257.ips,raw,62222,0,0,0,2,0,0,0,0,1,0,2
xp_amp_app_usage_dnu-2025-06-01-123257.ips,head,65555,0,0,0,1,0,0,0,0,1,0,2
xp_amp_app_usage_dnu-2025-06-01-123257.ips,mid,65555,0,0,0,2,0,0,0,0,1,0,2
xp_amp_app_usage_dnu-2025-06-01-123257.ips,tail,65555,0,0,0,2,0,0,0,0,0,0,2
xp_amp_app_usage_dnu-2025-06-01-123257.ips,raw,65555,0,0,0,2,0,0,0,0,1,0,2
xp_amp_app_usage_dnu-2025-06-01-123257.ips,head,68888,0,0,0,1,0,0,0,0,1,0,2
xp_amp_app_usage_dnu-2025-06-01-123257.ips,mid,68888,0,0,0,2,0,0,0,0,1,0,2
xp_amp_app_usage_dnu-2025-06-01-123257.ips,tail,68888,0,0,0,2,0,0,0,0,0,0,2
xp_amp_app_usage_dnu-2025-06-01-123257.ips,raw,68888,0,0,0,2,0,0,0,0,1,0,2
xp_amp_app_usage_dnu-2025-06-01-123257.ips,head,72222,0,0,0,1,0,0,0,0,1,0,2
xp_amp_app_usage_dnu-2025-06-01-123257.ips,mid,72222,0,0,0,2,0,0,0,0,1,0,2
xp_amp_app_usage_dnu-2025-06-01-123257.ips,tail,72222,0,0,0,2,0,0,0,0,0,0,2
xp_amp_app_usage_dnu-2025-06-01-123257.ips,raw,72222,0,0,0,2,0,0,0,0,1,0,2
xp_amp_app_usage_dnu-2025-06-01-123257.ips,head,75555,0,0,0,1,0,0,0,0,1,0,2
xp_amp_app_usage_dnu-2025-06-01-123257.ips,mid,75555,0,0,0,2,0,0,0,0,1,0,2
xp_amp_app_usage_dnu-2025-06-01-123257.ips,tail,75555,0,0,0,2,0,0,0,0,0,0,2
xp_amp_app_usage_dnu-2025-06-01-123257.ips,raw,75555,0,0,0,2,0,0,0,0,1,0,2
xp_amp_app_usage_dnu-2025-06-01-123257.ips,head,78888,0,0,0,1,0,0,0,0,1,0,2
xp_amp_app_usage_dnu-2025-06-01-123257.ips,mid,78888,0,0,0,2,0,0,0,0,1,0,2
xp_amp_app_usage_dnu-2025-06-01-123257.ips,tail,78888,0,0,0,2,0,0,0,0,0,0,2
xp_amp_app_usage_dnu-2025-06-01-123257.ips,raw,78888,0,0,0,2,0,0,0,0,1,0,2
xp_amp_app_usage_dnu-2025-06-01-123257.ips,head,82222,0,0,0,1,0,0,0,0,1,0,1
xp_amp_app_usage_dnu-2025-06-01-123257.ips,mid,82222,0,0,0,2,0,0,0,0,1,0,2
xp_amp_app_usage_dnu-2025-06-01-123257.ips,tail,82222,0,0,0,2,0,0,0,0,0,0,1
xp_amp_app_usage_dnu-2025-06-01-123257.ips,raw,82222,0,0,0,2,0,0,0,0,1,0,2
xp_amp_app_usage_dnu-2025-06-01-123257.ips,head,85555,0,0,0,1,0,0,0,0,1,0,1
xp_amp_app_usage_dnu-2025-06-01-123257.ips,mid,85555,0,0,0,2,0,0,0,0,1,0,2
xp_amp_app_usage_dnu-2025-06-01-123257.ips,tail,85555,0,0,0,2,0,0,0,0,0,0,1
xp_amp_app_usage_dnu-2025-06-01-123257.ips,raw,85555,0,0,0,2,0,0,0,0,1,0,2
xp_amp_app_usage_dnu-2025-06-01-123257.ips,head,88888,0,0,0,1,0,0,0,0,1,0,1
xp_amp_app_usage_dnu-2025-06-01-123257.ips,mid,88888,0,0,0,2,0,0,0,0,1,0,2
xp_amp_app_usage_dnu-2025-06-01-123257.ips,tail,88888,0,0,0,2,0,0,0,0,0,0,1
xp_amp_app_usage_dnu-2025-06-01-123257.ips,raw,88888,0,0,0,2,0,0,0,0,1,0,2
xp_amp_app_usage_dnu-2025-06-01-123257.ips,head,92222,0,0,0,1,0,0,0,0,1,0,1
xp_amp_app_usage_dnu-2025-06-01-123257.ips,mid,92222,0,0,0,2,0,0,0,0,1,0,2
xp_amp_app_usage_dnu-2025-06-01-123257.ips,tail,92222,0,0,0,2,0,0,0,0,0,0,1
xp_amp_app_usage_dnu-2025-06-01-123257.ips,raw,92222,0,0,0,2,0,0,0,0,1,0,2
xp_amp_app_usage_dnu-2025-06-01-123257.ips,head,95555,0,0,0,1,0,0,0,0,1,0,1
xp_amp_app_usage_dnu-2025-06-01-123257.ips,mid,95555,0,0,0,2,0,0,0,0,1,0,2
xp_amp_app_usage_dnu-2025-06-01-123257.ips,tail,95555,0,0,0,2,0,0,0,0,0,0,1
xp_amp_app_usage_dnu-2025-06-01-123257.ips,raw,95555,0,0,0,2,0,0,0,0,1,0,2
xp_amp_app_usage_dnu-2025-06-01-123257.ips,head,98888,0,0,0,1,0,0,0,0,1,0,1
xp_amp_app_usage_dnu-2025-06-01-123257.ips,mid,98888,0,0,0,2,0,0,0,0,1,0,2
xp_amp_app_usage_dnu-2025-06-01-123257.ips,tail,98888,0,0,0,2,0,0,0,0,0,0,1
xp_amp_app_usage_dnu-2025-06-01-123257.ips,raw,98888,0,0,0,2,0,0,0,0,1,0,2
xp_amp_app_usage_dnu-2025-06-01-123257.ips,head,102222,0,0,0,1,0,0,0,0,1,0,1
xp_amp_app_usage_dnu-2025-06-01-123257.ips,mid,102222,0,0,0,2,0,0,0,0,1,0,1
xp_amp_app_usage_dnu-2025-06-01-123257.ips,tail,102222,0,0,0,2,0,0,0,0,0,0,1
xp_amp_app_usage_dnu-2025-06-01-123257.ips,raw,102222,0,0,0,2,0,0,0,0,1,0,1
xp_amp_app_usage_dnu-2025-06-01-123257.ips,head,105555,0,0,0,1,0,0,0,0,1,0,1
xp_amp_app_usage_dnu-2025-06-01-123257.ips,mid,105555,0,0,0,2,0,0,0,0,1,0,1
xp_amp_app_usage_dnu-2025-06-01-123257.ips,tail,105555,0,0,0,2,0,0,0,0,0,0,1
xp_amp_app_usage_dnu-2025-06-01-123257.ips,raw,105555,0,0,0,2,0,0,0,0,1,0,1
xp_amp_app_usage_dnu-2025-06-01-123257.ips,head,108888,0,0,0,1,0,0,0,0,1,0,1
xp_amp_app_usage_dnu-2025-06-01-123257.ips,mid,108888,0,0,0,2,0,0,0,0,1,0,1
xp_amp_app_usage_dnu-2025-06-01-123257.ips,tail,108888,0,0,0,2,0,0,0,0,0,0,1
xp_amp_app_usage_dnu-2025-06-01-123257.ips,raw,108888,0,0,0,2,0,0,0,0,1,0,1
xp_amp_app_usage_dnu-2025-06-01-123257.ips,head,112222,0,0,0,1,0,0,0,0,1,0,1
xp_amp_app_usage_dnu-2025-06-01-123257.ips,mid,112222,0,0,0,2,0,0,0,0,1,0,1
xp_amp_app_usage_dnu-2025-06-01-123257.ips,tail,112222,0,0,0,2,0,0,0,0,0,0,1
xp_amp_app_usage_dnu-2025-06-01-123257.ips,raw,112222,0,0,0,2,0,0,0,0,1,0,1
xp_amp_app_usage_dnu-2025-06-01-123257.ips,head,115555,0,0,0,1,0,0,0,0,1,0,1
xp_amp_app_usage_dnu-2025-06-01-123257.ips,mid,115555,0,0,0,2,0,0,0,0,1,0,1
xp_amp_app_usage_dnu-2025-06-01-123257.ips,tail,115555,0,0,0,2,0,0,0,0,0,0,1
xp_amp_app_usage_dnu-2025-06-01-123257.ips,raw,115555,0,0,0,2,0,0,0,0,1,0,1
xp_amp_app_usage_dnu-2025-06-01-123257.ips,head,118888,0,0,0,1,0,0,0,0,1,0,1
xp_amp_app_usage_dnu-2025-06-01-123257.ips,mid,118888,0,0,0,2,0,0,0,0,1,0,1
xp_amp_app_usage_dnu-2025-06-01-123257.ips,tail,118888,0,0,0,2,0,0,0,0,0,0,1
xp_amp_app_usage_dnu-2025-06-01-123257.ips,raw,118888,0,0,0,2,0,0,0,0,1,0,1
xp_amp_app_usage_dnu-2025-06-01-123257.ips,head,122222,0,0,0,1,0,0,0,0,1,0,1
xp_amp_app_usage_dnu-2025-06-01-123257.ips,mid,122222,0,0,0,2,0,0,0,0,1,0,1
xp_amp_app_usage_dnu-2025-06-01-123257.ips,tail,122222,0,0,0,2,0,0,0,0,0,0,1
xp_amp_app_usage_dnu-2025-06-01-123257.ips,raw,122222,0,0,0,2,0,0,0,0,1,0,1
xp_amp_app_usage_dnu-2025-06-01-123257.ips,head,125555,0,0,0,1,0,0,0,0,1,0,1
xp_amp_app_usage_dnu-2025-06-01-123257.ips,mid,125555,0,0,0,2,0,0,0,0,1,0,1
xp_amp_app_usage_dnu-2025-06-01-123257.ips,tail,125555,0,0,0,2,0,0,0,0,0,0,1
xp_amp_app_usage_dnu-2025-06-01-123257.ips,raw,125555,0,0,0,2,0,0,0,0,1,0,1
xp_amp_app_usage_dnu-2025-06-01-123257.ips,head,128888,0,0,0,1,0,0,0,0,1,0,1
xp_amp_app_usage_dnu-2025-06-01-123257.ips,mid,128888,0,0,0,2,0,0,0,0,1,0,1
xp_amp_app_usage_dnu-2025-06-01-123257.ips,tail,128888,0,0,0,2,0,0,0,0,0,0,1
xp_amp_app_usage_dnu-2025-06-01-123257.ips,raw,128888,0,0,0,2,0,0,0,0,1,0,1
xp_amp_app_usage_dnu-2025-06-01-123257.ips,head,132222,0,0,0,1,0,0,0,0,1,0,1
xp_amp_app_usage_dnu-2025-06-01-123257.ips,mid,132222,0,0,0,2,0,0,0,0,1,0,1
xp_amp_app_usage_dnu-2025-06-01-123257.ips,tail,132222,0,0,0,2,0,0,0,0,0,0,1
xp_amp_app_usage_dnu-2025-06-01-123257.ips,raw,132222,0,0,0,2,0,0,0,0,1,0,1
xp_amp_app_usage_dnu-2025-06-01-123257.ips,head,135555,0,0,0,1,0,0,0,0,1,0,1
xp_amp_app_usage_dnu-2025-06-01-123257.ips,mid,135555,0,0,0,2,0,0,0,0,1,0,1
xp_amp_app_usage_dnu-2025-06-01-123257.ips,tail,135555,0,0,0,2,0,0,0,0,0,0,1
xp_amp_app_usage_dnu-2025-06-01-123257.ips,raw,135555,0,0,0,2,0,0,0,0,1,0,1
xp_amp_app_usage_dnu-2025-06-01-123257.ips,head,138888,0,0,0,1,0,0,0,0,1,0,1
xp_amp_app_usage_dnu-2025-06-01-123257.ips,mid,138888,0,0,0,2,0,0,0,0,1,0,1
xp_amp_app_usage_dnu-2025-06-01-123257.ips,tail,138888,0,0,0,2,0,0,0,0,0,0,1
xp_amp_app_usage_dnu-2025-06-01-123257.ips,raw,138888,0,0,0,2,0,0,0,0,1,0,1
xp_amp_app_usage_dnu-2025-06-01-123257.ips,head,142222,0,0,0,1,0,0,0,0,1,0,1
xp_amp_app_usage_dnu-2025-06-01-123257.ips,mid,142222,0,0,0,2,0,0,0,0,1,0,1
xp_amp_app_usage_dnu-2025-06-01-123257.ips,tail,142222,0,0,0,2,0,0,0,0,0,0,1
xp_amp_app_usage_dnu-2025-06-01-123257.ips,raw,142222,0,0,0,2,0,0,0,0,1,0,1
xp_amp_app_usage_dnu-2025-06-01-123257.ips,head,145555,0,0,0,1,0,0,0,0,1,0,1
xp_amp_app_usage_dnu-2025-06-01-123257.ips,mid,145555,0,0,0,2,0,0,0,0,1,0,1
xp_amp_app_usage_dnu-2025-06-01-123257.ips,tail,145555,0,0,0,2,0,0,0,0,0,0,1
xp_amp_app_usage_dnu-2025-06-01-123257.ips,raw,145555,0,0,0,2,0,0,0,0,1,0,1
xp_amp_app_usage_dnu-2025-06-01-123257.ips,head,148888,0,0,0,1,0,0,0,0,1,0,1
xp_amp_app_usage_dnu-2025-06-01-123257.ips,mid,148888,0,0,0,2,0,0,0,0,1,0,1
xp_amp_app_usage_dnu-2025-06-01-123257.ips,tail,148888,0,0,0,2,0,0,0,0,0,0,1
xp_amp_app_usage_dnu-2025-06-01-123257.ips,raw,148888,0,0,0,2,0,0,0,0,1,0,1
xp_amp_app_usage_dnu-2025-06-01-123257.ips,head,152222,0,0,0,1,0,0,0,0,1,0,1
xp_amp_app_usage_dnu-2025-06-01-123257.ips,mid,152222,0,0,0,2,0,0,0,0,1,0,1
xp_amp_app_usage_dnu-2025-06-01-123257.ips,tail,152222,0,0,0,2,0,0,0,0,0,0,1
xp_amp_app_usage_dnu-2025-06-01-123257.ips,raw,152222,0,0,0,2,0,0,0,0,1,0,1
xp_amp_app_usage_dnu-2025-06-01-123257.ips,head,155555,0,0,0,1,0,0,0,0,1,0,1
xp_amp_app_usage_dnu-2025-06-01-123257.ips,mid,155555,0,0,0,2,0,0,0,0,1,0,1
xp_amp_app_usage_dnu-2025-06-01-123257.ips,tail,155555,0,0,0,2,0,0,0,0,0,0,1
xp_amp_app_usage_dnu-2025-06-01-123257.ips,raw,155555,0,0,0,2,0,0,0,0,1,0,1
xp_amp_app_usage_dnu-2025-06-01-123257.ips,head,158888,0,0,0,1,0,0,0,0,1,0,1
xp_amp_app_usage_dnu-2025-06-01-123257.ips,mid,158888,0,0,0,2,0,0,0,0,1,0,1
xp_amp_app_usage_dnu-2025-06-01-123257.ips,tail,158888,0,0,0,2,0,0,0,0,0,0,1
xp_amp_app_usage_dnu-2025-06-01-123257.ips,raw,158888,0,0,0,2,0,0,0,0,1,0,1
xp_amp_app_usage_dnu-2025-06-01-123257.ips,head,162222,0,0,0,1,0,0,0,0,1,0,1
xp_amp_app_usage_dnu-2025-06-01-123257.ips,mid,162222,0,0,0,2,0,0,0,0,1,0,1
xp_amp_app_usage_dnu-2025-06-01-123257.ips,tail,162222,0,0,0,2,0,0,0,0,0,0,1
xp_amp_app_usage_dnu-2025-06-01-123257.ips,raw,162222,0,0,0,2,0,0,0,0,1,0,1
xp_amp_app_usage_dnu-2025-06-01-123257.ips,head,165555,0,0,0,1,0,0,0,0,1,0,1
xp_amp_app_usage_dnu-2025-06-01-123257.ips,mid,165555,0,0,0,2,0,0,0,0,1,0,1
xp_amp_app_usage_dnu-2025-06-01-123257.ips,tail,165555,0,0,0,2,0,0,0,0,0,0,1
xp_amp_app_usage_dnu-2025-06-01-123257.ips,raw,165555,0,0,0,2,0,0,0,0,1,0,1
xp_amp_app_usage_dnu-2025-06-01-123257.ips,head,168888,0,0,0,1,0,0,0,0,1,0,1
xp_amp_app_usage_dnu-2025-06-01-123257.ips,mid,168888,0,0,0,2,0,0,0,0,1,0,1
xp_amp_app_usage_dnu-2025-06-01-123257.ips,tail,168888,0,0,0,2,0,0,0,0,0,0,1
xp_amp_app_usage_dnu-2025-06-01-123257.ips,raw,168888,0,0,0,2,0,0,0,0,1,0,1
xp_amp_app_usage_dnu-2025-06-01-123257.ips,head,172222,0,0,0,1,0,0,0,0,1,0,1
xp_amp_app_usage_dnu-2025-06-01-123257.ips,mid,172222,0,0,0,2,0,0,0,0,1,0,1
xp_amp_app_usage_dnu-2025-06-01-123257.ips,tail,172222,0,0,0,2,0,0,0,0,0,0,1
xp_amp_app_usage_dnu-2025-06-01-123257.ips,raw,172222,0,0,0,2,0,0,0,0,1,0,1
xp_amp_app_usage_dnu-2025-06-01-123257.ips,head,175555,0,0,0,1,0,0,0,0,1,0,1
xp_amp_app_usage_dnu-2025-06-01-123257.ips,mid,175555,0,0,0,2,0,0,0,0,1,0,1
xp_amp_app_usage_dnu-2025-06-01-123257.ips,tail,175555,0,0,0,2,0,0,0,0,0,0,1
xp_amp_app_usage_dnu-2025-06-01-123257.ips,raw,175555,0,0,0,2,0,0,0,0,1,0,1
xp_amp_app_usage_dnu-2025-06-01-123257.ips,head,178888,0,0,0,1,0,0,0,0,1,0,1
xp_amp_app_usage_dnu-2025-06-01-123257.ips,mid,178888,0,0,0,2,0,0,0,0,1,0,1
xp_amp_app_usage_dnu-2025-06-01-123257.ips,tail,178888,0,0,0,2,0,0,0,0,0,0,1
xp_amp_app_usage_dnu-2025-06-01-123257.ips,raw,178888,0,0,0,2,0,0,0,0,1,0,1
xp_amp_app_usage_dnu-2025-06-01-123257.ips,head,182222,0,0,0,1,0,0,0,0,1,0,1
xp_amp_app_usage_dnu-2025-06-01-123257.ips,mid,182222,0,0,0,2,0,0,0,0,1,0,1
xp_amp_app_usage_dnu-2025-06-01-123257.ips,tail,182222,0,0,0,2,0,0,0,0,0,0,1
xp_amp_app_usage_dnu-2025-06-01-123257.ips,raw,182222,0,0,0,2,0,0,0,0,1,0,1
xp_amp_app_usage_dnu-2025-06-01-123257.ips,head,185555,0,0,0,1,0,0,0,0,1,0,1
xp_amp_app_usage_dnu-2025-06-01-123257.ips,mid,185555,0,0,0,2,0,0,0,0,1,0,1
xp_amp_app_usage_dnu-2025-06-01-123257.ips,tail,185555,0,0,0,2,0,0,0,0,0,0,1
xp_amp_app_usage_dnu-2025-06-01-123257.ips,raw,185555,0,0,0,2,0,0,0,0,1,0,1
xp_amp_app_usage_dnu-2025-06-01-123257.ips,head,188888,0,0,0,1,0,0,0,0,1,0,1
xp_amp_app_usage_dnu-2025-06-01-123257.ips,mid,188888,0,0,0,2,0,0,0,0,1,0,1
xp_amp_app_usage_dnu-2025-06-01-123257.ips,tail,188888,0,0,0,2,0,0,0,0,0,0,1
xp_amp_app_usage_dnu-2025-06-01-123257.ips,raw,188888,0,0,0,2,0,0,0,0,1,0,1
xp_amp_app_usage_dnu-2025-06-01-123257.ips,head,192222,0,0,0,1,0,0,0,0,1,0,1
xp_amp_app_usage_dnu-2025-06-01-123257.ips,mid,192222,0,0,0,2,0,0,0,0,1,0,1
xp_amp_app_usage_dnu-2025-06-01-123257.ips,tail,192222,0,0,0,2,0,0,0,0,0,0,1
xp_amp_app_usage_dnu-2025-06-01-123257.ips,raw,192222,0,0,0,2,0,0,0,0,1,0,1
xp_amp_app_usage_dnu-2025-06-01-123257.ips,head,195555,0,0,0,1,0,0,0,0,1,0,1
xp_amp_app_usage_dnu-2025-06-01-123257.ips,mid,195555,0,0,0,2,0,0,0,0,1,0,1
xp_amp_app_usage_dnu-2025-06-01-123257.ips,tail,195555,0,0,0,2,0,0,0,0,0,0,1
xp_amp_app_usage_dnu-2025-06-01-123257.ips,raw,195555,0,0,0,2,0,0,0,0,1,0,1
xp_amp_app_usage_dnu-2025-06-01-123257.ips,head,198888,0,0,0,1,0,0,0,0,1,0,1
xp_amp_app_usage_dnu-2025-06-01-123257.ips,mid,198888,0,0,0,2,0,0,0,0,1,0,1
xp_amp_app_usage_dnu-2025-06-01-123257.ips,tail,198888,0,0,0,2,0,0,0,0,0,0,1
xp_amp_app_usage_dnu-2025-06-01-123257.ips,raw,198888,0,0,0,2,0,0,0,0,1,0,1
xp_amp_app_usage_dnu-2025-06-01-123257.ips,head,202222,0,0,0,1,0,0,0,0,1,0,1
xp_amp_app_usage_dnu-2025-06-01-123257.ips,mid,202222,0,0,0,2,0,0,0,0,1,0,1
xp_amp_app_usage_dnu-2025-06-01-123257.ips,tail,202222,0,0,0,2,0,0,0,0,0,0,1
xp_amp_app_usage_dnu-2025-06-01-123257.ips,raw,202222,0,0,0,2,0,0,0,0,1,0,1
xp_amp_app_usage_dnu-2025-06-01-123257.ips,head,205555,0,0,0,1,0,0,0,0,1,0,1
xp_amp_app_usage_dnu-2025-06-01-123257.ips,mid,205555,0,0,0,2,0,0,0,0,1,0,1
xp_amp_app_usage_dnu-2025-06-01-123257.ips,tail,205555,0,0,0,2,0,0,0,0,0,0,1
xp_amp_app_usage_dnu-2025-06-01-123257.ips,raw,205555,0,0,0,2,0,0,0,0,1,0,1
xp_amp_app_usage_dnu-2025-06-01-123257.ips,head,208888,0,0,0,1,0,0,0,0,1,0,1
xp_amp_app_usage_dnu-2025-06-01-123257.ips,mid,208888,0,0,0,2,0,0,0,0,1,0,1
xp_amp_app_usage_dnu-2025-06-01-123257.ips,tail,208888,0,0,0,2,0,0,0,0,0,0,1
xp_amp_app_usage_dnu-2025-06-01-123257.ips,raw,208888,0,0,0,2,0,0,0,0,1,0,1
xp_amp_app_usage_dnu-2025-06-01-123257.ips,head,212222,0,0,0,1,0,0,0,0,1,0,1
xp_amp_app_usage_dnu-2025-06-01-123257.ips,mid,212222,0,0,0,2,0,0,0,0,1,0,1
xp_amp_app_usage_dnu-2025-06-01-123257.ips,tail,212222,0,0,0,2,0,0,0,0,0,0,1
xp_amp_app_usage_dnu-2025-06-01-123257.ips,raw,212222,0,0,0,2,0,0,0,0,1,0,1
xp_amp_app_usage_dnu-2025-06-01-123257.ips,head,215555,0,0,0,1,0,0,0,0,1,0,1
xp_amp_app_usage_dnu-2025-06-01-123257.ips,mid,215555,0,0,0,2,0,0,0,0,1,0,1
xp_amp_app_usage_dnu-2025-06-01-123257.ips,tail,215555,0,0,0,2,0,0,0,0,0,0,1
xp_amp_app_usage_dnu-2025-06-01-123257.ips,raw,215555,0,0,0,2,0,0,0,0,1,0,1
xp_amp_app_usage_dnu-2025-06-01-123257.ips,head,218888,0,0,0,1,0,0,0,0,1,0,1
xp_amp_app_usage_dnu-2025-06-01-123257.ips,mid,218888,0,0,0,2,0,0,0,0,1,0,1
xp_amp_app_usage_dnu-2025-06-01-123257.ips,tail,218888,0,0,0,2,0,0,0,0,0,0,1
xp_amp_app_usage_dnu-2025-06-01-123257.ips,raw,218888,0,0,0,2,0,0,0,0,1,0,1
xp_amp_app_usage_dnu-2025-06-01-123257.ips,head,222222,0,0,0,1,0,0,0,0,1,0,1
xp_amp_app_usage_dnu-2025-06-01-123257.ips,mid,222222,0,0,0,2,0,0,0,0,1,0,1
xp_amp_app_usage_dnu-2025-06-01-123257.ips,tail,222222,0,0,0,2,0,0,0,0,0,0,1
xp_amp_app_usage_dnu-2025-06-01-123257.ips,raw,222222,0,0,0,2,0,0,0,0,1,0,1
Tajima.zip:不正証拠/viettel_bundle_analysis_report.txt,head,222,0,0,0,0,0,0,1,0,0,0,3
Tajima.zip:不正証拠/viettel_bundle_analysis_report.txt,mid,222,0,0,0,0,0,0,1,0,0,0,3
Tajima.zip:不正証拠/viettel_bundle_analysis_report.txt,tail,222,0,0,0,0,0,0,1,0,0,0,3
Tajima.zip:不正証拠/viettel_bundle_analysis_report.txt,raw,222,0,0,0,0,0,0,1,0,0,0,3
Tajima.zip:不正証拠/viettel_bundle_analysis_report.txt,head,555,0,0,0,0,0,0,1,0,0,0,1
Tajima.zip:不正証拠/viettel_bundle_analysis_report.txt,mid,555,0,0,0,0,0,0,1,0,0,0,1
Tajima.zip:不正証拠/viettel_bundle_analysis_report.txt,tail,555,0,0,0,0,0,0,1,0,0,0,1
Tajima.zip:不正証拠/viettel_bundle_analysis_report.txt,raw,555,0,0,0,0,0,0,1,0,0,0,1
Tajima.zip:不正証拠/viettel_bundle_analysis_report.txt,head,888,0,0,0,0,0,0,1,0,0,0,1
Tajima.zip:不正証拠/viettel_bundle_analysis_report.txt,mid,888,0,0,0,0,0,0,1,0,0,0,1
Tajima.zip:不正証拠/viettel_bundle_analysis_report.txt,tail,888,0,0,0,0,0,0,1,0,0,0,1
Tajima.zip:不正証拠/viettel_bundle_analysis_report.txt,raw,888,0,0,0,0,0,0,1,0,0,0,1
Tajima.zip:不正証拠/viettel_bundle_analysis_report.txt,head,2222,0,0,0,0,0,0,1,0,0,0,1
Tajima.zip:不正証拠/viettel_bundle_analysis_report.txt,mid,2222,0,0,0,0,0,0,1,0,0,0,1
Tajima.zip:不正証拠/viettel_bundle_analysis_report.txt,tail,2222,0,0,0,0,0,0,1,0,0,0,1
Tajima.zip:不正証拠/viettel_bundle_analysis_report.txt,raw,2222,0,0,0,0,0,0,1,0,0,0,1
Tajima.zip:不正証拠/viettel_bundle_analysis_report.txt,head,5555,0,0,0,0,0,0,1,0,0,0,1
Tajima.zip:不正証拠/viettel_bundle_analysis_report.txt,mid,5555,0,0,0,0,0,0,1,0,0,0,1
Tajima.zip:不正証拠/viettel_bundle_analysis_report.txt,tail,5555,0,0,0,0,0,0,1,0,0,0,1
Tajima.zip:不正証拠/viettel_bundle_analysis_report.txt,raw,5555,0,0,0,0,0,0,1,0,0,0,1
Tajima.zip:不正証拠/viettel_bundle_analysis_report.txt,head,8888,0,0,0,0,0,0,1,0,0,0,1
Tajima.zip:不正証拠/viettel_bundle_analysis_report.txt,mid,8888,0,0,0,0,0,0,1,0,0,0,1
Tajima.zip:不正証拠/viettel_bundle_analysis_report.txt,tail,8888,0,0,0,0,0,0,1,0,0,0,1
Tajima.zip:不正証拠/viettel_bundle_analysis_report.txt,raw,8888,0,0,0,0,0,0,1,0,0,0,1
Tajima.zip:不正証拠/viettel_bundle_analysis_report.txt,head,12222,0,0,0,0,0,0,1,0,0,0,1
Tajima.zip:不正証拠/viettel_bundle_analysis_report.txt,mid,12222,0,0,0,0,0,0,1,0,0,0,1
Tajima.zip:不正証拠/viettel_bundle_analysis_report.txt,tail,12222,0,0,0,0,0,0,1,0,0,0,1
Tajima.zip:不正証拠/viettel_bundle_analysis_report.txt,raw,12222,0,0,0,0,0,0,1,0,0,0,1
Tajima.zip:不正証拠/viettel_bundle_analysis_report.txt,head,15555,0,0,0,0,0,0,1,0,0,0,1
Tajima.zip:不正証拠/viettel_bundle_analysis_report.txt,mid,15555,0,0,0,0,0,0,1,0,0,0,1
Tajima.zip:不正証拠/viettel_bundle_analysis_report.txt,tail,15555,0,0,0,0,0,0,1,0,0,0,1
Tajima.zip:不正証拠/viettel_bundle_analysis_report.txt,raw,15555,0,0,0,0,0,0,1,0,0,0,1
Tajima.zip:不正証拠/viettel_bundle_analysis_report.txt,head,18888,0,0,0,0,0,0,1,0,0,0,1
Tajima.zip:不正証拠/viettel_bundle_analysis_report.txt,mid,18888,0,0,0,0,0,0,1,0,0,0,1
Tajima.zip:不正証拠/viettel_bundle_analysis_report.txt,tail,18888,0,0,0,0,0,0,1,0,0,0,1
Tajima.zip:不正証拠/viettel_bundle_analysis_report.txt,raw,18888,0,0,0,0,0,0,1,0,0,0,1
Tajima.zip:不正証拠/viettel_bundle_analysis_report.txt,head,22222,0,0,0,0,0,0,1,0,0,0,1
Tajima.zip:不正証拠/viettel_bundle_analysis_report.txt,mid,22222,0,0,0,0,0,0,1,0,0,0,1
Tajima.zip:不正証拠/viettel_bundle_analysis_report.txt,tail,22222,0,0,0,0,0,0,1,0,0,0,1
Tajima.zip:不正証拠/viettel_bundle_analysis_report.txt,raw,22222,0,0,0,0,0,0,1,0,0,0,1
Tajima.zip:不正証拠/viettel_bundle_analysis_report.txt,head,25555,0,0,0,0,0,0,1,0,0,0,1
Tajima.zip:不正証拠/viettel_bundle_analysis_report.txt,mid,25555,0,0,0,0,0,0,1,0,0,0,1
Tajima.zip:不正証拠/viettel_bundle_analysis_report.txt,tail,25555,0,0,0,0,0,0,1,0,0,0,1
Tajima.zip:不正証拠/viettel_bundle_analysis_report.txt,raw,25555,0,0,0,0,0,0,1,0,0,0,1
Tajima.zip:不正証拠/viettel_bundle_analysis_report.txt,head,28888,0,0,0,0,0,0,1,0,0,0,1
Tajima.zip:不正証拠/viettel_bundle_analysis_report.txt,mid,28888,0,0,0,0,0,0,1,0,0,0,1
Tajima.zip:不正証拠/viettel_bundle_analysis_report.txt,tail,28888,0,0,0,0,0,0,1,0,0,0,1
Tajima.zip:不正証拠/viettel_bundle_analysis_report.txt,raw,28888,0,0,0,0,0,0,1,0,0,0,1
Tajima.zip:不正証拠/viettel_bundle_analysis_report.txt,head,32222,0,0,0,0,0,0,1,0,0,0,1
Tajima.zip:不正証拠/viettel_bundle_analysis_report.txt,mid,32222,0,0,0,0,0,0,1,0,0,0,1
Tajima.zip:不正証拠/viettel_bundle_analysis_report.txt,tail,32222,0,0,0,0,0,0,1,0,0,0,1
Tajima.zip:不正証拠/viettel_bundle_analysis_report.txt,raw,32222,0,0,0,0,0,0,1,0,0,0,1
Tajima.zip:不正証拠/viettel_bundle_analysis_report.txt,head,35555,0,0,0,0,0,0,1,0,0,0,1
Tajima.zip:不正証拠/viettel_bundle_analysis_report.txt,mid,35555,0,0,0,0,0,0,1,0,0,0,1
Tajima.zip:不正証拠/viettel_bundle_analysis_report.txt,tail,35555,0,0,0,0,0,0,1,0,0,0,1
Tajima.zip:不正証拠/viettel_bundle_analysis_report.txt,raw,35555,0,0,0,0,0,0,1,0,0,0,1
Tajima.zip:不正証拠/viettel_bundle_analysis_report.txt,head,38888,0,0,0,0,0,0,1,0,0,0,1
Tajima.zip:不正証拠/viettel_bundle_analysis_report.txt,mid,38888,0,0,0,0,0,0,1,0,0,0,1
Tajima.zip:不正証拠/viettel_bundle_analysis_report.txt,tail,38888,0,0,0,0,0,0,1,0,0,0,1
Tajima.zip:不正証拠/viettel_bundle_analysis_report.txt,raw,38888,0,0,0,0,0,0,1,0,0,0,1
Tajima.zip:不正証拠/viettel_bundle_analysis_report.txt,head,42222,0,0,0,0,0,0,1,0,0,0,1
Tajima.zip:不正証拠/viettel_bundle_analysis_report.txt,mid,42222,0,0,0,0,0,0,1,0,0,0,1
Tajima.zip:不正証拠/viettel_bundle_analysis_report.txt,tail,42222,0,0,0,0,0,0,1,0,0,0,1
Tajima.zip:不正証拠/viettel_bundle_analysis_report.txt,raw,42222,0,0,0,0,0,0,1,0,0,0,1
Tajima.zip:不正証拠/viettel_bundle_analysis_report.txt,head,45555,0,0,0,0,0,0,1,0,0,0,1
Tajima.zip:不正証拠/viettel_bundle_analysis_report.txt,mid,45555,0,0,0,0,0,0,1,0,0,0,1
Tajima.zip:不正証拠/viettel_bundle_analysis_report.txt,tail,45555,0,0,0,0,0,0,1,0,0,0,1
Tajima.zip:不正証拠/viettel_bundle_analysis_report.txt,raw,45555,0,0,0,0,0,0,1,0,0,0,1
Tajima.zip:不正証拠/viettel_bundle_analysis_report.txt,head,48888,0,0,0,0,0,0,1,0,0,0,1
Tajima.zip:不正証拠/viettel_bundle_analysis_report.txt,mid,48888,0,0,0,0,0,0,1,0,0,0,1
Tajima.zip:不正証拠/viettel_bundle_analysis_report.txt,tail,48888,0,0,0,0,0,0,1,0,0,0,1
Tajima.zip:不正証拠/viettel_bundle_analysis_report.txt,raw,48888,0,0,0,0,0,0,1,0,0,0,1
Tajima.zip:不正証拠/viettel_bundle_analysis_report.txt,head,52222,0,0,0,0,0,0,1,0,0,0,1
Tajima.zip:不正証拠/viettel_bundle_analysis_report.txt,mid,52222,0,0,0,0,0,0,1,0,0,0,1
Tajima.zip:不正証拠/viettel_bundle_analysis_report.txt,tail,52222,0,0,0,0,0,0,1,0,0,0,1
Tajima.zip:不正証拠/viettel_bundle_analysis_report.txt,raw,52222,0,0,0,0,0,0,1,0,0,0,1
Tajima.zip:不正証拠/viettel_bundle_analysis_report.txt,head,55555,0,0,0,0,0,0,1,0,0,0,1
Tajima.zip:不正証拠/viettel_bundle_analysis_report.txt,mid,55555,0,0,0,0,0,0,1,0,0,0,1
Tajima.zip:不正証拠/viettel_bundle_analysis_report.txt,tail,55555,0,0,0,0,0,0,1,0,0,0,1
Tajima.zip:不正証拠/viettel_bundle_analysis_report.txt,raw,55555,0,0,0,0,0,0,1,0,0,0,1
Tajima.zip:不正証拠/viettel_bundle_analysis_report.txt,head,58888,0,0,0,0,0,0,1,0,0,0,1
Tajima.zip:不正証拠/viettel_bundle_analysis_report.txt,mid,58888,0,0,0,0,0,0,1,0,0,0,1
Tajima.zip:不正証拠/viettel_bundle_analysis_report.txt,tail,58888,0,0,0,0,0,0,1,0,0,0,1
Tajima.zip:不正証拠/viettel_bundle_analysis_report.txt,raw,58888,0,0,0,0,0,0,1,0,0,0,1
Tajima.zip:不正証拠/viettel_bundle_analysis_report.txt,head,62222,0,0,0,0,0,0,1,0,0,0,1
Tajima.zip:不正証拠/viettel_bundle_analysis_report.txt,mid,62222,0,0,0,0,0,0,1,0,0,0,1
Tajima.zip:不正証拠/viettel_bundle_analysis_report.txt,tail,62222,0,0,0,0,0,0,1,0,0,0,1
Tajima.zip:不正証拠/viettel_bundle_analysis_report.txt,raw,62222,0,0,0,0,0,0,1,0,0,0,1
Tajima.zip:不正証拠/viettel_bundle_analysis_report.txt,head,65555,0,0,0,0,0,0,1,0,0,0,1
Tajima.zip:不正証拠/viettel_bundle_analysis_report.txt,mid,65555,0,0,0,0,0,0,1,0,0,0,1
Tajima.zip:不正証拠/viettel_bundle_analysis_report.txt,tail,65555,0,0,0,0,0,0,1,0,0,0,1
Tajima.zip:不正証拠/viettel_bundle_analysis_report.txt,raw,65555,0,0,0,0,0,0,1,0,0,0,1
Tajima.zip:不正証拠/viettel_bundle_analysis_report.txt,head,68888,0,0,0,0,0,0,1,0,0,0,1
Tajima.zip:不正証拠/viettel_bundle_analysis_report.txt,mid,68888,0,0,0,0,0,0,1,0,0,0,1
Tajima.zip:不正証拠/viettel_bundle_analysis_report.txt,tail,68888,0,0,0,0,0,0,1,0,0,0,1
Tajima.zip:不正証拠/viettel_bundle_analysis_report.txt,raw,68888,0,0,0,0,0,0,1,0,0,0,1
Tajima.zip:不正証拠/viettel_bundle_analysis_report.txt,head,72222,0,0,0,0,0,0,1,0,0,0,1
Tajima.zip:不正証拠/viettel_bundle_analysis_report.txt,mid,72222,0,0,0,0,0,0,1,0,0,0,1
Tajima.zip:不正証拠/viettel_bundle_analysis_report.txt,tail,72222,0,0,0,0,0,0,1,0,0,0,1
Tajima.zip:不正証拠/viettel_bundle_analysis_report.txt,raw,72222,0,0,0,0,0,0,1,0,0,0,1
Tajima.zip:不正証拠/viettel_bundle_analysis_report.txt,head,75555,0,0,0,0,0,0,1,0,0,0,1
Tajima.zip:不正証拠/viettel_bundle_analysis_report.txt,mid,75555,0,0,0,0,0,0,1,0,0,0,1
Tajima.zip:不正証拠/viettel_bundle_analysis_report.txt,tail,75555,0,0,0,0,0,0,1,0,0,0,1
Tajima.zip:不正証拠/viettel_bundle_analysis_report.txt,raw,75555,0,0,0,0,0,0,1,0,0,0,1
Tajima.zip:不正証拠/viettel_bundle_analysis_report.txt,head,78888,0,0,0,0,0,0,1,0,0,0,1
Tajima.zip:不正証拠/viettel_bundle_analysis_report.txt,mid,78888,0,0,0,0,0,0,1,0,0,0,1
Tajima.zip:不正証拠/viettel_bundle_analysis_report.txt,tail,78888,0,0,0,0,0,0,1,0,0,0,1
Tajima.zip:不正証拠/viettel_bundle_analysis_report.txt,raw,78888,0,0,0,0,0,0,1,0,0,0,1
Tajima.zip:不正証拠/viettel_bundle_analysis_report.txt,head,82222,0,0,0,0,0,0,1,0,0,0,1
Tajima.zip:不正証拠/viettel_bundle_analysis_report.txt,mid,82222,0,0,0,0,0,0,1,0,0,0,1
Tajima.zip:不正証拠/viettel_bundle_analysis_report.txt,tail,82222,0,0,0,0,0,0,1,0,0,0,1
Tajima.zip:不正証拠/viettel_bundle_analysis_report.txt,raw,82222,0,0,0,0,0,0,1,0,0,0,1
Tajima.zip:不正証拠/viettel_bundle_analysis_report.txt,head,85555,0,0,0,0,0,0,1,0,0,0,1
Tajima.zip:不正証拠/viettel_bundle_analysis_report.txt,mid,85555,0,0,0,0,0,0,1,0,0,0,1
Tajima.zip:不正証拠/viettel_bundle_analysis_report.txt,tail,85555,0,0,0,0,0,0,1,0,0,0,1
Tajima.zip:不正証拠/viettel_bundle_analysis_report.txt,raw,85555,0,0,0,0,0,0,1,0,0,0,1
Tajima.zip:不正証拠/viettel_bundle_analysis_report.txt,head,88888,0,0,0,0,0,0,1,0,0,0,1
Tajima.zip:不正証拠/viettel_bundle_analysis_report.txt,mid,88888,0,0,0,0,0,0,1,0,0,0,1
Tajima.zip:不正証拠/viettel_bundle_analysis_report.txt,tail,88888,0,0,0,0,0,0,1,0,0,0,1
Tajima.zip:不正証拠/viettel_bundle_analysis_report.txt,raw,88888,0,0,0,0,0,0,1,0,0,0,1
Tajima.zip:不正証拠/viettel_bundle_analysis_report.txt,head,92222,0,0,0,0,0,0,1,0,0,0,1
Tajima.zip:不正証拠/viettel_bundle_analysis_report.txt,mid,92222,0,0,0,0,0,0,1,0,0,0,1
Tajima.zip:不正証拠/viettel_bundle_analysis_report.txt,tail,92222,0,0,0,0,0,0,1,0,0,0,1
Tajima.zip:不正証拠/viettel_bundle_analysis_report.txt,raw,92222,0,0,0,0,0,0,1,0,0,0,1
Tajima.zip:不正証拠/viettel_bundle_analysis_report.txt,head,95555,0,0,0,0,0,0,1,0,0,0,1
Tajima.zip:不正証拠/viettel_bundle_analysis_report.txt,mid,95555,0,0,0,0,0,0,1,0,0,0,1
Tajima.zip:不正証拠/viettel_bundle_analysis_report.txt,tail,95555,0,0,0,0,0,0,1,0,0,0,1
Tajima.zip:不正証拠/viettel_bundle_analysis_report.txt,raw,95555,0,0,0,0,0,0,1,0,0,0,1
Tajima.zip:不正証拠/viettel_bundle_analysis_report.txt,head,98888,0,0,0,0,0,0,1,0,0,0,1
Tajima.zip:不正証拠/viettel_bundle_analysis_report.txt,mid,98888,0,0,0,0,0,0,1,0,0,0,1
Tajima.zip:不正証拠/viettel_bundle_analysis_report.txt,tail,98888,0,0,0,0,0,0,1,0,0,0,1
Tajima.zip:不正証拠/viettel_bundle_analysis_report.txt,raw,98888,0,0,0,0,0,0,1,0,0,0,1
Tajima.zip:不正証拠/viettel_bundle_analysis_report.txt,head,102222,0,0,0,0,0,0,1,0,0,0,1
Tajima.zip:不正証拠/viettel_bundle_analysis_report.txt,mid,102222,0,0,0,0,0,0,1,0,0,0,1
Tajima.zip:不正証拠/viettel_bundle_analysis_report.txt,tail,102222,0,0,0,0,0,0,1,0,0,0,1
Tajima.zip:不正証拠/viettel_bundle_analysis_report.txt,raw,102222,0,0,0,0,0,0,1,0,0,0,1
Tajima.zip:不正証拠/viettel_bundle_analysis_report.txt,head,105555,0,0,0,0,0,0,1,0,0,0,1
Tajima.zip:不正証拠/viettel_bundle_analysis_report.txt,mid,105555,0,0,0,0,0,0,1,0,0,0,1
Tajima.zip:不正証拠/viettel_bundle_analysis_report.txt,tail,105555,0,0,0,0,0,0,1,0,0,0,1
Tajima.zip:不正証拠/viettel_bundle_analysis_report.txt,raw,105555,0,0,0,0,0,0,1,0,0,0,1
Tajima.zip:不正証拠/viettel_bundle_analysis_report.txt,head,108888,0,0,0,0,0,0,1,0,0,0,1
Tajima.zip:不正証拠/viettel_bundle_analysis_report.txt,mid,108888,0,0,0,0,0,0,1,0,0,0,1
Tajima.zip:不正証拠/viettel_bundle_analysis_report.txt,tail,108888,0,0,0,0,0,0,1,0,0,0,1
Tajima.zip:不正証拠/viettel_bundle_analysis_report.txt,raw,108888,0,0,0,0,0,0,1,0,0,0,1
Tajima.zip:不正証拠/viettel_bundle_analysis_report.txt,head,112222,0,0,0,0,0,0,1,0,0,0,1
Tajima.zip:不正証拠/viettel_bundle_analysis_report.txt,mid,112222,0,0,0,0,0,0,1,0,0,0,1
Tajima.zip:不正証拠/viettel_bundle_analysis_report.txt,tail,112222,0,0,0,0,0,0,1,0,0,0,1
Tajima.zip:不正証拠/viettel_bundle_analysis_report.txt,raw,112222,0,0,0,0,0,0,1,0,0,0,1
Tajima.zip:不正証拠/viettel_bundle_analysis_report.txt,head,115555,0,0,0,0,0,0,1,0,0,0,1
Tajima.zip:不正証拠/viettel_bundle_analysis_report.txt,mid,115555,0,0,0,0,0,0,1,0,0,0,1
Tajima.zip:不正証拠/viettel_bundle_analysis_report.txt,tail,115555,0,0,0,0,0,0,1,0,0,0,1
Tajima.zip:不正証拠/viettel_bundle_analysis_report.txt,raw,115555,0,0,0,0,0,0,1,0,0,0,1
Tajima.zip:不正証拠/viettel_bundle_analysis_report.txt,head,118888,0,0,0,0,0,0,1,0,0,0,1
Tajima.zip:不正証拠/viettel_bundle_analysis_report.txt,mid,118888,0,0,0,0,0,0,1,0,0,0,1
Tajima.zip:不正証拠/viettel_bundle_analysis_report.txt,tail,118888,0,0,0,0,0,0,1,0,0,0,1
Tajima.zip:不正証拠/viettel_bundle_analysis_report.txt,raw,118888,0,0,0,0,0,0,1,0,0,0,1
Tajima.zip:不正証拠/viettel_bundle_analysis_report.txt,head,122222,0,0,0,0,0,0,1,0,0,0,1
Tajima.zip:不正証拠/viettel_bundle_analysis_report.txt,mid,122222,0,0,0,0,0,0,1,0,0,0,1
Tajima.zip:不正証拠/viettel_bundle_analysis_report.txt,tail,122222,0,0,0,0,0,0,1,0,0,0,1
Tajima.zip:不正証拠/viettel_bundle_analysis_report.txt,raw,122222,0,0,0,0,0,0,1,0,0,0,1
Tajima.zip:不正証拠/viettel_bundle_analysis_report.txt,head,125555,0,0,0,0,0,0,1,0,0,0,1
Tajima.zip:不正証拠/viettel_bundle_analysis_report.txt,mid,125555,0,0,0,0,0,0,1,0,0,0,1
Tajima.zip:不正証拠/viettel_bundle_analysis_report.txt,tail,125555,0,0,0,0,0,0,1,0,0,0,1
Tajima.zip:不正証拠/viettel_bundle_analysis_report.txt,raw,125555,0,0,0,0,0,0,1,0,0,0,1
Tajima.zip:不正証拠/viettel_bundle_analysis_report.txt,head,128888,0,0,0,0,0,0,1,0,0,0,1
Tajima.zip:不正証拠/viettel_bundle_analysis_report.txt,mid,128888,0,0,0,0,0,0,1,0,0,0,1
Tajima.zip:不正証拠/viettel_bundle_analysis_report.txt,tail,128888,0,0,0,0,0,0,1,0,0,0,1
Tajima.zip:不正証拠/viettel_bundle_analysis_report.txt,raw,128888,0,0,0,0,0,0,1,0,0,0,1
Tajima.zip:不正証拠/viettel_bundle_analysis_report.txt,head,132222,0,0,0,0,0,0,1,0,0,0,1
Tajima.zip:不正証拠/viettel_bundle_analysis_report.txt,mid,132222,0,0,0,0,0,0,1,0,0,0,1
Tajima.zip:不正証拠/viettel_bundle_analysis_report.txt,tail,132222,0,0,0,0,0,0,1,0,0,0,1
Tajima.zip:不正証拠/viettel_bundle_analysis_report.txt,raw,132222,0,0,0,0,0,0,1,0,0,0,1
Tajima.zip:不正証拠/viettel_bundle_analysis_report.txt,head,135555,0,0,0,0,0,0,1,0,0,0,1
Tajima.zip:不正証拠/viettel_bundle_analysis_report.txt,mid,135555,0,0,0,0,0,0,1,0,0,0,1
Tajima.zip:不正証拠/viettel_bundle_analysis_report.txt,tail,135555,0,0,0,0,0,0,1,0,0,0,1
Tajima.zip:不正証拠/viettel_bundle_analysis_report.txt,raw,135555,0,0,0,0,0,0,1,0,0,0,1
Tajima.zip:不正証拠/viettel_bundle_analysis_report.txt,head,138888,0,0,0,0,0,0,1,0,0,0,1
Tajima.zip:不正証拠/viettel_bundle_analysis_report.txt,mid,138888,0,0,0,0,0,0,1,0,0,0,1
Tajima.zip:不正証拠/viettel_bundle_analysis_report.txt,tail,138888,0,0,0,0,0,0,1,0,0,0,1
Tajima.zip:不正証拠/viettel_bundle_analysis_report.txt,raw,138888,0,0,0,0,0,0,1,0,0,0,1
Tajima.zip:不正証拠/viettel_bundle_analysis_report.txt,head,142222,0,0,0,0,0,0,1,0,0,0,1
Tajima.zip:不正証拠/viettel_bundle_analysis_report.txt,mid,142222,0,0,0,0,0,0,1,0,0,0,1
Tajima.zip:不正証拠/viettel_bundle_analysis_report.txt,tail,142222,0,0,0,0,0,0,1,0,0,0,1
Tajima.zip:不正証拠/viettel_bundle_analysis_report.txt,raw,142222,0,0,0,0,0,0,1,0,0,0,1
Tajima.zip:不正証拠/viettel_bundle_analysis_report.txt,head,145555,0,0,0,0,0,0,1,0,0,0,1
Tajima.zip:不正証拠/viettel_bundle_analysis_report.txt,mid,145555,0,0,0,0,0,0,1,0,0,0,1
Tajima.zip:不正証拠/viettel_bundle_analysis_report.txt,tail,145555,0,0,0,0,0,0,1,0,0,0,1
Tajima.zip:不正証拠/viettel_bundle_analysis_report.txt,raw,145555,0,0,0,0,0,0,1,0,0,0,1
Tajima.zip:不正証拠/viettel_bundle_analysis_report.txt,head,148888,0,0,0,0,0,0,1,0,0,0,1
Tajima.zip:不正証拠/viettel_bundle_analysis_report.txt,mid,148888,0,0,0,0,0,0,1,0,0,0,1
Tajima.zip:不正証拠/viettel_bundle_analysis_report.txt,tail,148888,0,0,0,0,0,0,1,0,0,0,1
Tajima.zip:不正証拠/viettel_bundle_analysis_report.txt,raw,148888,0,0,0,0,0,0,1,0,0,0,1
Tajima.zip:不正証拠/viettel_bundle_analysis_report.txt,head,152222,0,0,0,0,0,0,1,0,0,0,1
Tajima.zip:不正証拠/viettel_bundle_analysis_report.txt,mid,152222,0,0,0,0,0,0,1,0,0,0,1
Tajima.zip:不正証拠/viettel_bundle_analysis_report.txt,tail,152222,0,0,0,0,0,0,1,0,0,0,1
Tajima.zip:不正証拠/viettel_bundle_analysis_report.txt,raw,152222,0,0,0,0,0,0,1,0,0,0,1
Tajima.zip:不正証拠/viettel_bundle_analysis_report.txt,head,155555,0,0,0,0,0,0,1,0,0,0,1
Tajima.zip:不正証拠/viettel_bundle_analysis_report.txt,mid,155555,0,0,0,0,0,0,1,0,0,0,1
Tajima.zip:不正証拠/viettel_bundle_analysis_report.txt,tail,155555,0,0,0,0,0,0,1,0,0,0,1
Tajima.zip:不正証拠/viettel_bundle_analysis_report.txt,raw,155555,0,0,0,0,0,0,1,0,0,0,1
Tajima.zip:不正証拠/viettel_bundle_analysis_report.txt,head,158888,0,0,0,0,0,0,1,0,0,0,1
Tajima.zip:不正証拠/viettel_bundle_analysis_report.txt,mid,158888,0,0,0,0,0,0,1,0,0,0,1
Tajima.zip:不正証拠/viettel_bundle_analysis_report.txt,tail,158888,0,0,0,0,0,0,1,0,0,0,1
Tajima.zip:不正証拠/viettel_bundle_analysis_report.txt,raw,158888,0,0,0,0,0,0,1,0,0,0,1
Tajima.zip:不正証拠/viettel_bundle_analysis_report.txt,head,162222,0,0,0,0,0,0,1,0,0,0,1
Tajima.zip:不正証拠/viettel_bundle_analysis_report.txt,mid,162222,0,0,0,0,0,0,1,0,0,0,1
Tajima.zip:不正証拠/viettel_bundle_analysis_report.txt,tail,162222,0,0,0,0,0,0,1,0,0,0,1
Tajima.zip:不正証拠/viettel_bundle_analysis_report.txt,raw,162222,0,0,0,0,0,0,1,0,0,0,1
Tajima.zip:不正証拠/viettel_bundle_analysis_report.txt,head,165555,0,0,0,0,0,0,1,0,0,0,1
Tajima.zip:不正証拠/viettel_bundle_analysis_report.txt,mid,165555,0,0,0,0,0,0,1,0,0,0,1
Tajima.zip:不正証拠/viettel_bundle_analysis_report.txt,tail,165555,0,0,0,0,0,0,1,0,0,0,1
Tajima.zip:不正証拠/viettel_bundle_analysis_report.txt,raw,165555,0,0,0,0,0,0,1,0,0,0,1
Tajima.zip:不正証拠/viettel_bundle_analysis_report.txt,head,168888,0,0,0,0,0,0,1,0,0,0,1
Tajima.zip:不正証拠/viettel_bundle_analysis_report.txt,mid,168888,0,0,0,0,0,0,1,0,0,0,1
Tajima.zip:不正証拠/viettel_bundle_analysis_report.txt,tail,168888,0,0,0,0,0,0,1,0,0,0,1
Tajima.zip:不正証拠/viettel_bundle_analysis_report.txt,raw,168888,0,0,0,0,0,0,1,0,0,0,1
Tajima.zip:不正証拠/viettel_bundle_analysis_report.txt,head,172222,0,0,0,0,0,0,1,0,0,0,1
Tajima.zip:不正証拠/viettel_bundle_analysis_report.txt,mid,172222,0,0,0,0,0,0,1,0,0,0,1
Tajima.zip:不正証拠/viettel_bundle_analysis_report.txt,tail,172222,0,0,0,0,0,0,1,0,0,0,1
Tajima.zip:不正証拠/viettel_bundle_analysis_report.txt,raw,172222,0,0,0,0,0,0,1,0,0,0,1
Tajima.zip:不正証拠/viettel_bundle_analysis_report.txt,head,175555,0,0,0,0,0,0,1,0,0,0,1
Tajima.zip:不正証拠/viettel_bundle_analysis_report.txt,mid,175555,0,0,0,0,0,0,1,0,0,0,1
Tajima.zip:不正証拠/viettel_bundle_analysis_report.txt,tail,175555,0,0,0,0,0,0,1,0,0,0,1
Tajima.zip:不正証拠/viettel_bundle_analysis_report.txt,raw,175555,0,0,0,0,0,0,1,0,0,0,1
Tajima.zip:不正証拠/viettel_bundle_analysis_report.txt,head,178888,0,0,0,0,0,0,1,0,0,0,1
Tajima.zip:不正証拠/viettel_bundle_analysis_report.txt,mid,178888,0,0,0,0,0,0,1,0,0,0,1
Tajima.zip:不正証拠/viettel_bundle_analysis_report.txt,tail,178888,0,0,0,0,0,0,1,0,0,0,1
Tajima.zip:不正証拠/viettel_bundle_analysis_report.txt,raw,178888,0,0,0,0,0,0,1,0,0,0,1
Tajima.zip:不正証拠/viettel_bundle_analysis_report.txt,head,182222,0,0,0,0,0,0,1,0,0,0,1
Tajima.zip:不正証拠/viettel_bundle_analysis_report.txt,mid,182222,0,0,0,0,0,0,1,0,0,0,1
Tajima.zip:不正証拠/viettel_bundle_analysis_report.txt,tail,182222,0,0,0,0,0,0,1,0,0,0,1
Tajima.zip:不正証拠/viettel_bundle_analysis_report.txt,raw,182222,0,0,0,0,0,0,1,0,0,0,1
Tajima.zip:不正証拠/viettel_bundle_analysis_report.txt,head,185555,0,0,0,0,0,0,1,0,0,0,1
Tajima.zip:不正証拠/viettel_bundle_analysis_report.txt,mid,185555,0,0,0,0,0,0,1,0,0,0,1
Tajima.zip:不正証拠/viettel_bundle_analysis_report.txt,tail,185555,0,0,0,0,0,0,1,0,0,0,1
Tajima.zip:不正証拠/viettel_bundle_analysis_report.txt,raw,185555,0,0,0,0,0,0,1,0,0,0,1
Tajima.zip:不正証拠/viettel_bundle_analysis_report.txt,head,188888,0,0,0,0,0,0,1,0,0,0,1
Tajima.zip:不正証拠/viettel_bundle_analysis_report.txt,mid,188888,0,0,0,0,0,0,1,0,0,0,1
Tajima.zip:不正証拠/viettel_bundle_analysis_report.txt,tail,188888,0,0,0,0,0,0,1,0,0,0,1
Tajima.zip:不正証拠/viettel_bundle_analysis_report.txt,raw,188888,0,0,0,0,0,0,1,0,0,0,1
Tajima.zip:不正証拠/viettel_bundle_analysis_report.txt,head,192222,0,0,0,0,0,0,1,0,0,0,1
Tajima.zip:不正証拠/viettel_bundle_analysis_report.txt,mid,192222,0,0,0,0,0,0,1,0,0,0,1
Tajima.zip:不正証拠/viettel_bundle_analysis_report.txt,tail,192222,0,0,0,0,0,0,1,0,0,0,1
Tajima.zip:不正証拠/viettel_bundle_analysis_report.txt,raw,192222,0,0,0,0,0,0,1,0,0,0,1
Tajima.zip:不正証拠/viettel_bundle_analysis_report.txt,head,195555,0,0,0,0,0,0,1,0,0,0,1
Tajima.zip:不正証拠/viettel_bundle_analysis_report.txt,mid,195555,0,0,0,0,0,0,1,0,0,0,1
Tajima.zip:不正証拠/viettel_bundle_analysis_report.txt,tail,195555,0,0,0,0,0,0,1,0,0,0,1
Tajima.zip:不正証拠/viettel_bundle_analysis_report.txt,raw,195555,0,0,0,0,0,0,1,0,0,0,1
Tajima.zip:不正証拠/viettel_bundle_analysis_report.txt,head,198888,0,0,0,0,0,0,1,0,0,0,1
Tajima.zip:不正証拠/viettel_bundle_analysis_report.txt,mid,198888,0,0,0,0,0,0,1,0,0,0,1
Tajima.zip:不正証拠/viettel_bundle_analysis_report.txt,tail,198888,0,0,0,0,0,0,1,0,0,0,1
Tajima.zip:不正証拠/viettel_bundle_analysis_report.txt,raw,198888,0,0,0,0,0,0,1,0,0,0,1
Tajima.zip:不正証拠/viettel_bundle_analysis_report.txt,head,202222,0,0,0,0,0,0,1,0,0,0,1
Tajima.zip:不正証拠/viettel_bundle_analysis_report.txt,mid,202222,0,0,0,0,0,0,1,0,0,0,1
Tajima.zip:不正証拠/viettel_bundle_analysis_report.txt,tail,202222,0,0,0,0,0,0,1,0,0,0,1
Tajima.zip:不正証拠/viettel_bundle_analysis_report.txt,raw,202222,0,0,0,0,0,0,1,0,0,0,1
Tajima.zip:不正証拠/viettel_bundle_analysis_report.txt,head,205555,0,0,0,0,0,0,1,0,0,0,1
Tajima.zip:不正証拠/viettel_bundle_analysis_report.txt,mid,205555,0,0,0,0,0,0,1,0,0,0,1
Tajima.zip:不正証拠/viettel_bundle_analysis_report.txt,tail,205555,0,0,0,0,0,0,1,0,0,0,1
Tajima.zip:不正証拠/viettel_bundle_analysis_report.txt,raw,205555,0,0,0,0,0,0,1,0,0,0,1
Tajima.zip:不正証拠/viettel_bundle_analysis_report.txt,head,208888,0,0,0,0,0,0,1,0,0,0,1
Tajima.zip:不正証拠/viettel_bundle_analysis_report.txt,mid,208888,0,0,0,0,0,0,1,0,0,0,1
Tajima.zip:不正証拠/viettel_bundle_analysis_report.txt,tail,208888,0,0,0,0,0,0,1,0,0,0,1
Tajima.zip:不正証拠/viettel_bundle_analysis_report.txt,raw,208888,0,0,0,0,0,0,1,0,0,0,1
Tajima.zip:不正証拠/viettel_bundle_analysis_report.txt,head,212222,0,0,0,0,0,0,1,0,0,0,1
Tajima.zip:不正証拠/viettel_bundle_analysis_report.txt,mid,212222,0,0,0,0,0,0,1,0,0,0,1
Tajima.zip:不正証拠/viettel_bundle_analysis_report.txt,tail,212222,0,0,0,0,0,0,1,0,0,0,1
Tajima.zip:不正証拠/viettel_bundle_analysis_report.txt,raw,212222,0,0,0,0,0,0,1,0,0,0,1
Tajima.zip:不正証拠/viettel_bundle_analysis_report.txt,head,215555,0,0,0,0,0,0,1,0,0,0,1
Tajima.zip:不正証拠/viettel_bundle_analysis_report.txt,mid,215555,0,0,0,0,0,0,1,0,0,0,1
Tajima.zip:不正証拠/viettel_bundle_analysis_report.txt,tail,215555,0,0,0,0,0,0,1,0,0,0,1
Tajima.zip:不正証拠/viettel_bundle_analysis_report.txt,raw,215555,0,0,0,0,0,0,1,0,0,0,1
Tajima.zip:不正証拠/viettel_bundle_analysis_report.txt,head,218888,0,0,0,0,0,0,1,0,0,0,1
Tajima.zip:不正証拠/viettel_bundle_analysis_report.txt,mid,218888,0,0,0,0,0,0,1,0,0,0,1
Tajima.zip:不正証拠/viettel_bundle_analysis_report.txt,tail,218888,0,0,0,0,0,0,1,0,0,0,1
Tajima.zip:不正証拠/viettel_bundle_analysis_report.txt,raw,218888,0,0,0,0,0,0,1,0,0,0,1
Tajima.zip:不正証拠/viettel_bundle_analysis_report.txt,head,222222,0,0,0,0,0,0,1,0,0,0,1
Tajima.zip:不正証拠/viettel_bundle_analysis_report.txt,mid,222222,0,0,0,0,0,0,1,0,0,0,1
Tajima.zip:不正証拠/viettel_bundle_analysis_report.txt,tail,222222,0,0,0,0,0,0,1,0,0,0,1
Tajima.zip:不正証拠/viettel_bundle_analysis_report.txt,raw,222222,0,0,0,0,0,0,1,0,0,0,1
Tajima.zip:history_search.txt,head,222,0,0,0,0,0,0,0,0,0,0,1
Tajima.zip:history_search.txt,mid,222,0,0,0,0,0,0,0,0,0,0,1
Tajima.zip:history_search.txt,tail,222,0,0,0,0,0,0,0,0,0,0,1
Tajima.zip:history_search.txt,raw,222,0,0,0,0,0,0,0,0,0,0,1
Tajima.zip:history_search.txt,head,555,0,0,0,0,0,0,0,0,0,0,1
Tajima.zip:history_search.txt,mid,555,0,0,0,0,0,0,0,0,0,0,1
Tajima.zip:history_search.txt,tail,555,0,0,0,0,0,0,0,0,0,0,1
Tajima.zip:history_search.txt,raw,555,0,0,0,0,0,0,0,0,0,0,1
Tajima.zip:history_search.txt,head,888,0,0,0,0,0,0,0,0,0,0,1
Tajima.zip:history_search.txt,mid,888,0,0,0,0,0,0,0,0,0,0,1
Tajima.zip:history_search.txt,tail,888,0,0,0,0,0,0,0,0,0,0,1
Tajima.zip:history_search.txt,raw,888,0,0,0,0,0,0,0,0,0,0,1
Tajima.zip:history_search.txt,head,2222,0,0,0,0,0,0,0,0,0,0,1
Tajima.zip:history_search.txt,mid,2222,0,0,0,0,0,0,0,0,0,0,1
Tajima.zip:history_search.txt,tail,2222,0,0,0,0,0,0,0,0,0,0,1
Tajima.zip:history_search.txt,raw,2222,0,0,0,0,0,0,0,0,0,0,1
Tajima.zip:history_search.txt,head,5555,0,0,0,0,0,0,0,0,0,0,1
Tajima.zip:history_search.txt,mid,5555,0,0,0,0,0,0,0,0,0,0,1
Tajima.zip:history_search.txt,tail,5555,0,0,0,0,0,0,0,0,0,0,1
Tajima.zip:history_search.txt,raw,5555,0,0,0,0,0,0,0,0,0,0,1
Tajima.zip:history_search.txt,head,8888,0,0,0,0,0,0,0,0,0,0,1
Tajima.zip:history_search.txt,mid,8888,0,0,0,0,0,0,0,0,0,0,1
Tajima.zip:history_search.txt,tail,8888,0,0,0,0,0,0,0,0,0,0,1
Tajima.zip:history_search.txt,raw,8888,0,0,0,0,0,0,0,0,0,0,1
Tajima.zip:history_search.txt,head,12222,0,0,0,0,0,0,0,0,0,0,1
Tajima.zip:history_search.txt,mid,12222,0,0,0,0,0,0,0,0,0,0,1
Tajima.zip:history_search.txt,tail,12222,0,0,0,0,0,0,0,0,0,0,1
Tajima.zip:history_search.txt,raw,12222,0,0,0,0,0,0,0,0,0,0,1
Tajima.zip:history_search.txt,head,15555,0,0,0,0,0,0,0,0,0,0,1
Tajima.zip:history_search.txt,mid,15555,0,0,0,0,0,0,0,0,0,0,1
Tajima.zip:history_search.txt,tail,15555,0,0,0,0,0,0,0,0,0,0,1
Tajima.zip:history_search.txt,raw,15555,0,0,0,0,0,0,0,0,0,0,1
Tajima.zip:history_search.txt,head,18888,0,0,0,0,0,0,0,0,0,0,1
Tajima.zip:history_search.txt,mid,18888,0,0,0,0,0,0,0,0,0,0,1
Tajima.zip:history_search.txt,tail,18888,0,0,0,0,0,0,0,0,0,0,1
Tajima.zip:history_search.txt,raw,18888,0,0,0,0,0,0,0,0,0,0,1
Tajima.zip:history_search.txt,head,22222,0,0,0,0,0,0,0,0,0,0,1
Tajima.zip:history_search.txt,mid,22222,0,0,0,0,0,0,0,0,0,0,1
Tajima.zip:history_search.txt,tail,22222,0,0,0,0,0,0,0,0,0,0,1
Tajima.zip:history_search.txt,raw,22222,0,0,0,0,0,0,0,0,0,0,1
Tajima.zip:history_search.txt,head,25555,0,0,0,0,0,0,0,0,0,0,1
Tajima.zip:history_search.txt,mid,25555,0,0,0,0,0,0,0,0,0,0,1
Tajima.zip:history_search.txt,tail,25555,0,0,0,0,0,0,0,0,0,0,1
Tajima.zip:history_search.txt,raw,25555,0,0,0,0,0,0,0,0,0,0,1
Tajima.zip:history_search.txt,head,28888,0,0,0,0,0,0,0,0,0,0,1
Tajima.zip:history_search.txt,mid,28888,0,0,0,0,0,0,0,0,0,0,1
Tajima.zip:history_search.txt,tail,28888,0,0,0,0,0,0,0,0,0,0,1
Tajima.zip:history_search.txt,raw,28888,0,0,0,0,0,0,0,0,0,0,1
Tajima.zip:history_search.txt,head,32222,0,0,0,0,0,0,0,0,0,0,1
Tajima.zip:history_search.txt,mid,32222,0,0,0,0,0,0,0,0,0,0,1
Tajima.zip:history_search.txt,tail,32222,0,0,0,0,0,0,0,0,0,0,1
Tajima.zip:history_search.txt,raw,32222,0,0,0,0,0,0,0,0,0,0,1
Tajima.zip:history_search.txt,head,35555,0,0,0,0,0,0,0,0,0,0,1
Tajima.zip:history_search.txt,mid,35555,0,0,0,0,0,0,0,0,0,0,1
Tajima.zip:history_search.txt,tail,35555,0,0,0,0,0,0,0,0,0,0,1
Tajima.zip:history_search.txt,raw,35555,0,0,0,0,0,0,0,0,0,0,1
Tajima.zip:history_search.txt,head,38888,0,0,0,0,0,0,0,0,0,0,1
Tajima.zip:history_search.txt,mid,38888,0,0,0,0,0,0,0,0,0,0,1
Tajima.zip:history_search.txt,tail,38888,0,0,0,0,0,0,0,0,0,0,1
Tajima.zip:history_search.txt,raw,38888,0,0,0,0,0,0,0,0,0,0,1
Tajima.zip:history_search.txt,head,42222,0,0,0,0,0,0,0,0,0,0,1
Tajima.zip:history_search.txt,mid,42222,0,0,0,0,0,0,0,0,0,0,1
Tajima.zip:history_search.txt,tail,42222,0,0,0,0,0,0,0,0,0,0,1
Tajima.zip:history_search.txt,raw,42222,0,0,0,0,0,0,0,0,0,0,1
Tajima.zip:history_search.txt,head,45555,0,0,0,0,0,0,0,0,0,0,1
Tajima.zip:history_search.txt,mid,45555,0,0,0,0,0,0,0,0,0,0,1
Tajima.zip:history_search.txt,tail,45555,0,0,0,0,0,0,0,0,0,0,1
Tajima.zip:history_search.txt,raw,45555,0,0,0,0,0,0,0,0,0,0,1
Tajima.zip:history_search.txt,head,48888,0,0,0,0,0,0,0,0,0,0,1
Tajima.zip:history_search.txt,mid,48888,0,0,0,0,0,0,0,0,0,0,1
Tajima.zip:history_search.txt,tail,48888,0,0,0,0,0,0,0,0,0,0,1
Tajima.zip:history_search.txt,raw,48888,0,0,0,0,0,0,0,0,0,0,1
Tajima.zip:history_search.txt,head,52222,0,0,0,0,0,0,0,0,0,0,1
Tajima.zip:history_search.txt,mid,52222,0,0,0,0,0,0,0,0,0,0,1
Tajima.zip:history_search.txt,tail,52222,0,0,0,0,0,0,0,0,0,0,1
Tajima.zip:history_search.txt,raw,52222,0,0,0,0,0,0,0,0,0,0,1
Tajima.zip:history_search.txt,head,55555,0,0,0,0,0,0,0,0,0,0,1
Tajima.zip:history_search.txt,mid,55555,0,0,0,0,0,0,0,0,0,0,1
Tajima.zip:history_search.txt,tail,55555,0,0,0,0,0,0,0,0,0,0,1
Tajima.zip:history_search.txt,raw,55555,0,0,0,0,0,0,0,0,0,0,1
Tajima.zip:history_search.txt,head,58888,0,0,0,0,0,0,0,0,0,0,1
Tajima.zip:history_search.txt,mid,58888,0,0,0,0,0,0,0,0,0,0,1
Tajima.zip:history_search.txt,tail,58888,0,0,0,0,0,0,0,0,0,0,1
Tajima.zip:history_search.txt,raw,58888,0,0,0,0,0,0,0,0,0,0,1
Tajima.zip:history_search.txt,head,62222,0,0,0,0,0,0,0,0,0,0,1
Tajima.zip:history_search.txt,mid,62222,0,0,0,0,0,0,0,0,0,0,1
Tajima.zip:history_search.txt,tail,62222,0,0,0,0,0,0,0,0,0,0,1
Tajima.zip:history_search.txt,raw,62222,0,0,0,0,0,0,0,0,0,0,1
Tajima.zip:history_search.txt,head,65555,0,0,0,0,0,0,0,0,0,0,1
Tajima.zip:history_search.txt,mid,65555,0,0,0,0,0,0,0,0,0,0,1
Tajima.zip:history_search.txt,tail,65555,0,0,0,0,0,0,0,0,0,0,1
Tajima.zip:history_search.txt,raw,65555,0,0,0,0,0,0,0,0,0,0,1
Tajima.zip:history_search.txt,head,68888,0,0,0,0,0,0,0,0,0,0,1
Tajima.zip:history_search.txt,mid,68888,0,0,0,0,0,0,0,0,0,0,1
Tajima.zip:history_search.txt,tail,68888,0,0,0,0,0,0,0,0,0,0,1
Tajima.zip:history_search.txt,raw,68888,0,0,0,0,0,0,0,0,0,0,1
Tajima.zip:history_search.txt,head,72222,0,0,0,0,0,0,0,0,0,0,1
Tajima.zip:history_search.txt,mid,72222,0,0,0,0,0,0,0,0,0,0,1
Tajima.zip:history_search.txt,tail,72222,0,0,0,0,0,0,0,0,0,0,1
Tajima.zip:history_search.txt,raw,72222,0,0,0,0,0,0,0,0,0,0,1
Tajima.zip:history_search.txt,head,75555,0,0,0,0,0,0,0,0,0,0,1
Tajima.zip:history_search.txt,mid,75555,0,0,0,0,0,0,0,0,0,0,1
Tajima.zip:history_search.txt,tail,75555,0,0,0,0,0,0,0,0,0,0,1
Tajima.zip:history_search.txt,raw,75555,0,0,0,0,0,0,0,0,0,0,1
Tajima.zip:history_search.txt,head,78888,0,0,0,0,0,0,0,0,0,0,1
Tajima.zip:history_search.txt,mid,78888,0,0,0,0,0,0,0,0,0,0,1
Tajima.zip:history_search.txt,tail,78888,0,0,0,0,0,0,0,0,0,0,1
Tajima.zip:history_search.txt,raw,78888,0,0,0,0,0,0,0,0,0,0,1
Tajima.zip:history_search.txt,head,82222,0,0,0,0,0,0,0,0,0,0,1
Tajima.zip:history_search.txt,mid,82222,0,0,0,0,0,0,0,0,0,0,1
Tajima.zip:history_search.txt,tail,82222,0,0,0,0,0,0,0,0,0,0,1
Tajima.zip:history_search.txt,raw,82222,0,0,0,0,0,0,0,0,0,0,1
Tajima.zip:history_search.txt,head,85555,0,0,0,0,0,0,0,0,0,0,1
Tajima.zip:history_search.txt,mid,85555,0,0,0,0,0,0,0,0,0,0,1
Tajima.zip:history_search.txt,tail,85555,0,0,0,0,0,0,0,0,0,0,1
Tajima.zip:history_search.txt,raw,85555,0,0,0,0,0,0,0,0,0,0,1
Tajima.zip:history_search.txt,head,88888,0,0,0,0,0,0,0,0,0,0,1
Tajima.zip:history_search.txt,mid,88888,0,0,0,0,0,0,0,0,0,0,1
Tajima.zip:history_search.txt,tail,88888,0,0,0,0,0,0,0,0,0,0,1
Tajima.zip:history_search.txt,raw,88888,0,0,0,0,0,0,0,0,0,0,1
Tajima.zip:history_search.txt,head,92222,0,0,0,0,0,0,0,0,0,0,1
Tajima.zip:history_search.txt,mid,92222,0,0,0,0,0,0,0,0,0,0,1
Tajima.zip:history_search.txt,tail,92222,0,0,0,0,0,0,0,0,0,0,1
Tajima.zip:history_search.txt,raw,92222,0,0,0,0,0,0,0,0,0,0,1
Tajima.zip:history_search.txt,head,95555,0,0,0,0,0,0,0,0,0,0,1
Tajima.zip:history_search.txt,mid,95555,0,0,0,0,0,0,0,0,0,0,1
Tajima.zip:history_search.txt,tail,95555,0,0,0,0,0,0,0,0,0,0,1
Tajima.zip:history_search.txt,raw,95555,0,0,0,0,0,0,0,0,0,0,1
Tajima.zip:history_search.txt,head,98888,0,0,0,0,0,0,0,0,0,0,1
Tajima.zip:history_search.txt,mid,98888,0,0,0,0,0,0,0,0,0,0,1
Tajima.zip:history_search.txt,tail,98888,0,0,0,0,0,0,0,0,0,0,1
Tajima.zip:history_search.txt,raw,98888,0,0,0,0,0,0,0,0,0,0,1
Tajima.zip:history_search.txt,head,102222,0,0,0,0,0,0,0,0,0,0,1
Tajima.zip:history_search.txt,mid,102222,0,0,0,0,0,0,0,0,0,0,1
Tajima.zip:history_search.txt,tail,102222,0,0,0,0,0,0,0,0,0,0,1
Tajima.zip:history_search.txt,raw,102222,0,0,0,0,0,0,0,0,0,0,1
Tajima.zip:history_search.txt,head,105555,0,0,0,0,0,0,0,0,0,0,1
Tajima.zip:history_search.txt,mid,105555,0,0,0,0,0,0,0,0,0,0,1
Tajima.zip:history_search.txt,tail,105555,0,0,0,0,0,0,0,0,0,0,1
Tajima.zip:history_search.txt,raw,105555,0,0,0,0,0,0,0,0,0,0,1
Tajima.zip:history_search.txt,head,108888,0,0,0,0,0,0,0,0,0,0,1
Tajima.zip:history_search.txt,mid,108888,0,0,0,0,0,0,0,0,0,0,1
Tajima.zip:history_search.txt,tail,108888,0,0,0,0,0,0,0,0,0,0,1
Tajima.zip:history_search.txt,raw,108888,0,0,0,0,0,0,0,0,0,0,1
Tajima.zip:history_search.txt,head,112222,0,0,0,0,0,0,0,0,0,0,1
Tajima.zip:history_search.txt,mid,112222,0,0,0,0,0,0,0,0,0,0,1
Tajima.zip:history_search.txt,tail,112222,0,0,0,0,0,0,0,0,0,0,1
Tajima.zip:history_search.txt,raw,112222,0,0,0,0,0,0,0,0,0,0,1
Tajima.zip:history_search.txt,head,115555,0,0,0,0,0,0,0,0,0,0,1
Tajima.zip:history_search.txt,mid,115555,0,0,0,0,0,0,0,0,0,0,1
Tajima.zip:history_search.txt,tail,115555,0,0,0,0,0,0,0,0,0,0,1
Tajima.zip:history_search.txt,raw,115555,0,0,0,0,0,0,0,0,0,0,1
Tajima.zip:history_search.txt,head,118888,0,0,0,0,0,0,0,0,0,0,1
Tajima.zip:history_search.txt,mid,118888,0,0,0,0,0,0,0,0,0,0,1
Tajima.zip:history_search.txt,tail,118888,0,0,0,0,0,0,0,0,0,0,1
Tajima.zip:history_search.txt,raw,118888,0,0,0,0,0,0,0,0,0,0,1
Tajima.zip:history_search.txt,head,122222,0,0,0,0,0,0,0,0,0,0,1
Tajima.zip:history_search.txt,mid,122222,0,0,0,0,0,0,0,0,0,0,1
Tajima.zip:history_search.txt,tail,122222,0,0,0,0,0,0,0,0,0,0,1
Tajima.zip:history_search.txt,raw,122222,0,0,0,0,0,0,0,0,0,0,1
Tajima.zip:history_search.txt,head,125555,0,0,0,0,0,0,0,0,0,0,1
Tajima.zip:history_search.txt,mid,125555,0,0,0,0,0,0,0,0,0,0,1
Tajima.zip:history_search.txt,tail,125555,0,0,0,0,0,0,0,0,0,0,1
Tajima.zip:history_search.txt,raw,125555,0,0,0,0,0,0,0,0,0,0,1
Tajima.zip:history_search.txt,head,128888,0,0,0,0,0,0,0,0,0,0,1
Tajima.zip:history_search.txt,mid,128888,0,0,0,0,0,0,0,0,0,0,1
Tajima.zip:history_search.txt,tail,128888,0,0,0,0,0,0,0,0,0,0,1
Tajima.zip:history_search.txt,raw,128888,0,0,0,0,0,0,0,0,0,0,1
Tajima.zip:history_search.txt,head,132222,0,0,0,0,0,0,0,0,0,0,1
Tajima.zip:history_search.txt,mid,132222,0,0,0,0,0,0,0,0,0,0,1
Tajima.zip:history_search.txt,tail,132222,0,0,0,0,0,0,0,0,0,0,1
Tajima.zip:history_search.txt,raw,132222,0,0,0,0,0,0,0,0,0,0,1
Tajima.zip:history_search.txt,head,135555,0,0,0,0,0,0,0,0,0,0,1
Tajima.zip:history_search.txt,mid,135555,0,0,0,0,0,0,0,0,0,0,1
Tajima.zip:history_search.txt,tail,135555,0,0,0,0,0,0,0,0,0,0,1
Tajima.zip:history_search.txt,raw,135555,0,0,0,0,0,0,0,0,0,0,1
Tajima.zip:history_search.txt,head,138888,0,0,0,0,0,0,0,0,0,0,1
Tajima.zip:history_search.txt,mid,138888,0,0,0,0,0,0,0,0,0,0,1
Tajima.zip:history_search.txt,tail,138888,0,0,0,0,0,0,0,0,0,0,1
Tajima.zip:history_search.txt,raw,138888,0,0,0,0,0,0,0,0,0,0,1
Tajima.zip:history_search.txt,head,142222,0,0,0,0,0,0,0,0,0,0,1
Tajima.zip:history_search.txt,mid,142222,0,0,0,0,0,0,0,0,0,0,1
Tajima.zip:history_search.txt,tail,142222,0,0,0,0,0,0,0,0,0,0,1
Tajima.zip:history_search.txt,raw,142222,0,0,0,0,0,0,0,0,0,0,1
Tajima.zip:history_search.txt,head,145555,0,0,0,0,0,0,0,0,0,0,1
Tajima.zip:history_search.txt,mid,145555,0,0,0,0,0,0,0,0,0,0,1
Tajima.zip:history_search.txt,tail,145555,0,0,0,0,0,0,0,0,0,0,1
Tajima.zip:history_search.txt,raw,145555,0,0,0,0,0,0,0,0,0,0,1
Tajima.zip:history_search.txt,head,148888,0,0,0,0,0,0,0,0,0,0,1
Tajima.zip:history_search.txt,mid,148888,0,0,0,0,0,0,0,0,0,0,1
Tajima.zip:history_search.txt,tail,148888,0,0,0,0,0,0,0,0,0,0,1
Tajima.zip:history_search.txt,raw,148888,0,0,0,0,0,0,0,0,0,0,1
Tajima.zip:history_search.txt,head,152222,0,0,0,0,0,0,0,0,0,0,1
Tajima.zip:history_search.txt,mid,152222,0,0,0,0,0,0,0,0,0,0,1
Tajima.zip:history_search.txt,tail,152222,0,0,0,0,0,0,0,0,0,0,1
Tajima.zip:history_search.txt,raw,152222,0,0,0,0,0,0,0,0,0,0,1
Tajima.zip:history_search.txt,head,155555,0,0,0,0,0,0,0,0,0,0,1
Tajima.zip:history_search.txt,mid,155555,0,0,0,0,0,0,0,0,0,0,1
Tajima.zip:history_search.txt,tail,155555,0,0,0,0,0,0,0,0,0,0,1
Tajima.zip:history_search.txt,raw,155555,0,0,0,0,0,0,0,0,0,0,1
Tajima.zip:history_search.txt,head,158888,0,0,0,0,0,0,0,0,0,0,1
Tajima.zip:history_search.txt,mid,158888,0,0,0,0,0,0,0,0,0,0,1
Tajima.zip:history_search.txt,tail,158888,0,0,0,0,0,0,0,0,0,0,1
Tajima.zip:history_search.txt,raw,158888,0,0,0,0,0,0,0,0,0,0,1
Tajima.zip:history_search.txt,head,162222,0,0,0,0,0,0,0,0,0,0,1
Tajima.zip:history_search.txt,mid,162222,0,0,0,0,0,0,0,0,0,0,1
Tajima.zip:history_search.txt,tail,162222,0,0,0,0,0,0,0,0,0,0,1
Tajima.zip:history_search.txt,raw,162222,0,0,0,0,0,0,0,0,0,0,1
Tajima.zip:history_search.txt,head,165555,0,0,0,0,0,0,0,0,0,0,1
Tajima.zip:history_search.txt,mid,165555,0,0,0,0,0,0,0,0,0,0,1
Tajima.zip:history_search.txt,tail,165555,0,0,0,0,0,0,0,0,0,0,1
Tajima.zip:history_search.txt,raw,165555,0,0,0,0,0,0,0,0,0,0,1
Tajima.zip:history_search.txt,head,168888,0,0,0,0,0,0,0,0,0,0,1
Tajima.zip:history_search.txt,mid,168888,0,0,0,0,0,0,0,0,0,0,1
Tajima.zip:history_search.txt,tail,168888,0,0,0,0,0,0,0,0,0,0,1
Tajima.zip:history_search.txt,raw,168888,0,0,0,0,0,0,0,0,0,0,1
Tajima.zip:history_search.txt,head,172222,0,0,0,0,0,0,0,0,0,0,1
Tajima.zip:history_search.txt,mid,172222,0,0,0,0,0,0,0,0,0,0,1
Tajima.zip:history_search.txt,tail,172222,0,0,0,0,0,0,0,0,0,0,1
Tajima.zip:history_search.txt,raw,172222,0,0,0,0,0,0,0,0,0,0,1
Tajima.zip:history_search.txt,head,175555,0,0,0,0,0,0,0,0,0,0,1
Tajima.zip:history_search.txt,mid,175555,0,0,0,0,0,0,0,0,0,0,1
Tajima.zip:history_search.txt,tail,175555,0,0,0,0,0,0,0,0,0,0,1
Tajima.zip:history_search.txt,raw,175555,0,0,0,0,0,0,0,0,0,0,1
Tajima.zip:history_search.txt,head,178888,0,0,0,0,0,0,0,0,0,0,1
Tajima.zip:history_search.txt,mid,178888,0,0,0,0,0,0,0,0,0,0,1
Tajima.zip:history_search.txt,tail,178888,0,0,0,0,0,0,0,0,0,0,1
Tajima.zip:history_search.txt,raw,178888,0,0,0,0,0,0,0,0,0,0,1
Tajima.zip:history_search.txt,head,182222,0,0,0,0,0,0,0,0,0,0,1
Tajima.zip:history_search.txt,mid,182222,0,0,0,0,0,0,0,0,0,0,1
Tajima.zip:history_search.txt,tail,182222,0,0,0,0,0,0,0,0,0,0,1
Tajima.zip:history_search.txt,raw,182222,0,0,0,0,0,0,0,0,0,0,1
Tajima.zip:history_search.txt,head,185555,0,0,0,0,0,0,0,0,0,0,1
Tajima.zip:history_search.txt,mid,185555,0,0,0,0,0,0,0,0,0,0,1
Tajima.zip:history_search.txt,tail,185555,0,0,0,0,0,0,0,0,0,0,1
Tajima.zip:history_search.txt,raw,185555,0,0,0,0,0,0,0,0,0,0,1
Tajima.zip:history_search.txt,head,188888,0,0,0,0,0,0,0,0,0,0,1
Tajima.zip:history_search.txt,mid,188888,0,0,0,0,0,0,0,0,0,0,1
Tajima.zip:history_search.txt,tail,188888,0,0,0,0,0,0,0,0,0,0,1
Tajima.zip:history_search.txt,raw,188888,0,0,0,0,0,0,0,0,0,0,1
Tajima.zip:history_search.txt,head,192222,0,0,0,0,0,0,0,0,0,0,1
Tajima.zip:history_search.txt,mid,192222,0,0,0,0,0,0,0,0,0,0,1
Tajima.zip:history_search.txt,tail,192222,0,0,0,0,0,0,0,0,0,0,1
Tajima.zip:history_search.txt,raw,192222,0,0,0,0,0,0,0,0,0,0,1
Tajima.zip:history_search.txt,head,195555,0,0,0,0,0,0,0,0,0,0,1
Tajima.zip:history_search.txt,mid,195555,0,0,0,0,0,0,0,0,0,0,1
Tajima.zip:history_search.txt,tail,195555,0,0,0,0,0,0,0,0,0,0,1
Tajima.zip:history_search.txt,raw,195555,0,0,0,0,0,0,0,0,0,0,1
Tajima.zip:history_search.txt,head,198888,0,0,0,0,0,0,0,0,0,0,1
Tajima.zip:history_search.txt,mid,198888,0,0,0,0,0,0,0,0,0,0,1
Tajima.zip:history_search.txt,tail,198888,0,0,0,0,0,0,0,0,0,0,1
Tajima.zip:history_search.txt,raw,198888,0,0,0,0,0,0,0,0,0,0,1
Tajima.zip:history_search.txt,head,202222,0,0,0,0,0,0,0,0,0,0,1
Tajima.zip:history_search.txt,mid,202222,0,0,0,0,0,0,0,0,0,0,1
Tajima.zip:history_search.txt,tail,202222,0,0,0,0,0,0,0,0,0,0,1
Tajima.zip:history_search.txt,raw,202222,0,0,0,0,0,0,0,0,0,0,1
Tajima.zip:history_search.txt,head,205555,0,0,0,0,0,0,0,0,0,0,1
Tajima.zip:history_search.txt,mid,205555,0,0,0,0,0,0,0,0,0,0,1
Tajima.zip:history_search.txt,tail,205555,0,0,0,0,0,0,0,0,0,0,1
Tajima.zip:history_search.txt,raw,205555,0,0,0,0,0,0,0,0,0,0,1
Tajima.zip:history_search.txt,head,208888,0,0,0,0,0,0,0,0,0,0,1
Tajima.zip:history_search.txt,mid,208888,0,0,0,0,0,0,0,0,0,0,1
Tajima.zip:history_search.txt,tail,208888,0,0,0,0,0,0,0,0,0,0,1
Tajima.zip:history_search.txt,raw,208888,0,0,0,0,0,0,0,0,0,0,1
Tajima.zip:history_search.txt,head,212222,0,0,0,0,0,0,0,0,0,0,1
Tajima.zip:history_search.txt,mid,212222,0,0,0,0,0,0,0,0,0,0,1
Tajima.zip:history_search.txt,tail,212222,0,0,0,0,0,0,0,0,0,0,1
Tajima.zip:history_search.txt,raw,212222,0,0,0,0,0,0,0,0,0,0,1
Tajima.zip:history_search.txt,head,215555,0,0,0,0,0,0,0,0,0,0,1
Tajima.zip:history_search.txt,mid,215555,0,0,0,0,0,0,0,0,0,0,1
Tajima.zip:history_search.txt,tail,215555,0,0,0,0,0,0,0,0,0,0,1
Tajima.zip:history_search.txt,raw,215555,0,0,0,0,0,0,0,0,0,0,1
Tajima.zip:history_search.txt,head,218888,0,0,0,0,0,0,0,0,0,0,1
Tajima.zip:history_search.txt,mid,218888,0,0,0,0,0,0,0,0,0,0,1
Tajima.zip:history_search.txt,tail,218888,0,0,0,0,0,0,0,0,0,0,1
Tajima.zip:history_search.txt,raw,218888,0,0,0,0,0,0,0,0,0,0,1
Tajima.zip:history_search.txt,head,222222,0,0,0,0,0,0,0,0,0,0,1
Tajima.zip:history_search.txt,mid,222222,0,0,0,0,0,0,0,0,0,0,1
Tajima.zip:history_search.txt,tail,222222,0,0,0,0,0,0,0,0,0,0,1
Tajima.zip:history_search.txt,raw,222222,0,0,0,0,0,0,0,0,0,0,1
